TIMESTAMP,VPD_hPa_gfRF,RH_1_1_1,TA_1_1_1_gfRF,SW_IN_1_1_1_gfRF
2020-01-01,0.23240758654818883,66.90926666666667,1.6822476791666665,81.35214708333334
2020-01-02,0.27339912113484877,63.023041666666664,1.8456346014583334,78.95701717666667
2020-01-03,0.23436448374430371,71.29917291666666,3.4616623958333332,51.7426953125
2020-01-04,0.03134170924868498,95.81217291666667,1.9625592916666665,11.821964691666667
2020-01-05,0.03874189318448873,93.73325,-1.1758042083333333,76.29776310145833
2020-01-06,0.33931646683540584,61.12613125000001,2.3770270833333336,82.254619418125
2020-01-07,0.15211037250165524,80.02776458333334,2.0695538541666667,56.996676962500004
2020-01-08,0.3919830852422892,52.16382708333333,2.8911625583333334,76.33944412708333
2020-01-09,0.4979001815607125,45.2341625,5.188429791666667,71.69565861395833
2020-01-10,0.2004245275754202,75.18110625,3.6102404791666665,49.75876987708333
2020-01-11,0.03325137149798748,95.29211875,1.4851091875,59.3057154625
2020-01-12,0.22356601917176885,72.18139791666667,1.6928739729166666,87.84023179999998
2020-01-13,0.2708774280252403,62.06822291666666,1.6940867708333334,65.45902464208334
2020-01-14,0.3162186076270442,57.470227083333334,2.0893616583333334,85.95658791166666
2020-01-15,0.3112365269682447,62.62864166666666,3.6657964166666663,87.35216276812501
2020-01-16,0.2665308472965563,68.30977083333333,3.9442081041666666,86.14547545104166
2020-01-17,0.1828744223104527,78.21121041666667,3.2913324999999998,60.949715642291665
2020-01-18,0.0347499378112749,94.44746041666667,-0.24519802979166663,60.568836197916674
2020-01-19,0.033183791669725654,93.39493958333333,-2.8066989583333335,47.83716341666667
2020-01-20,0.09095724228904171,80.59967708333333,-4.130680416666666,97.75118806312501
2020-01-21,0.05533900758043339,88.78810416666666,-4.253758408333334,93.75347885416666
2020-01-22,0.2862440533782717,59.8483875,1.4546643070833334,100.39559677229168
2020-01-23,0.04410324930090894,92.04917291666668,-3.842198175,62.185798044375
2020-01-24,0.26145141157583834,68.14624166666667,3.6977166666666665,84.92082341666666
2020-01-25,0.12039746656237703,85.2472125,2.6541973125,87.04943382291667
2020-01-26,0.17586847261334917,78.24853541666667,2.9661287916666663,90.38936530833332
2020-01-27,0.13105905210353894,83.76272916666666,2.9551600624999996,76.16610166666668
2020-01-28,0.09815496312544336,85.53110416666668,1.2580460541666667,17.460437958333333
2020-01-29,0.024185312934067785,96.35030416666666,-0.039998304791666654,25.575829041666665
2020-01-30,0.16295424127590188,79.10733125,2.8804646666666667,97.85203166666668
2020-01-31,0.12050855183378,89.25678541666667,7.761418125,87.23935841666668
2020-02-01,0.2202811529528239,79.60338958333334,7.875714791666667,56.451962447916664
2020-02-02,0.15274823414077957,85.71662708333334,8.085089166666666,16.99103416875
2020-02-03,0.39396438519830235,69.88264791666667,10.525326666666666,6.445392133333333
2020-02-04,0.15574093214854806,88.78419583333334,1.2295031041666666,16.051154625
2020-02-05,0.06307900473692496,88.64610208333333,-2.1224579583333334,92.4654381574375
2020-02-06,0.14358242777651523,73.19575416666667,-2.7115357854166664,121.46333772500002
2020-02-07,0.2395874728749888,61.06908125,-0.13038275,131.96591614791666
2020-02-08,0.33199050526561386,56.381283333333336,2.4172464291666667,113.12786929645834
2020-02-09,0.3862747493240571,53.94413958333333,4.16278175,124.39600048749999
2020-02-10,0.36365164899600505,66.8451375,7.893791041666667,47.040613104166674
2020-02-11,0.10602723106412315,86.47021041666666,1.9315478958333332,27.69523458333333
2020-02-12,0.15317402373732444,77.73952045454546,0.5213668660774412,58.05910669036897
2020-02-13,0.2213962723200049,69.43066875,1.3691514937499998,77.507638243125
2020-02-14,0.0735352072781957,90.32730208333334,2.2065733791666666,76.28925185833333
2020-02-15,0.26155840901518956,72.90848125000001,3.7888137270833333,139.21357341104166
2020-02-16,0.6173318487885462,44.796306249999994,8.232039583333334,93.2166758
2020-02-17,0.3193707006608737,72.35503958333334,6.740710624999999,81.72696681979167
2020-02-18,0.14571905793769271,79.958125,1.8256848729166666,98.08580206520833
2020-02-19,0.12193375349467651,81.63989791666667,0.7244163527083334,27.236979104166668
2020-02-20,0.2550296084554243,68.66366875,3.2272802666666665,140.217603168125
2020-02-21,0.10475625530245058,85.80692499999999,1.6486860547916666,84.863308381875
2020-02-22,0.37943593461199027,62.43862083333334,5.230293595833333,160.573839075
2020-02-23,0.6340049074725044,49.068272916666665,9.98909125,36.0763063125
2020-02-24,0.4704810532278623,64.076125,10.534629791666667,159.86137216666665
2020-02-25,0.3103560804395417,69.7244125,6.068274708333333,92.00056388541667
2020-02-26,0.03309964042448187,93.921125,-2.155969375,54.02391383333333
2020-02-27,0.08331541154314029,85.37137708333334,-1.3746374645833335,56.96195358333333
2020-02-28,0.23325683787839438,65.67950416666666,0.21698241666666665,174.8673061229167
2020-02-29,0.42005454343978027,58.153533333333336,6.0767525000000004,128.07775452083334
2020-03-01,0.16516863995426123,82.57050833333334,3.9537272083333335,178.2794153125
2020-03-02,0.2284542948376439,73.2208,2.68117658125,49.18894670833333
2020-03-03,0.11427713383400667,82.59141458333333,0.02162608333333332,149.55143889583334
2020-03-04,0.15229929540842407,78.65037916666667,0.5561585833333333,175.94838409374998
2020-03-05,0.16222336234722531,79.98852708333334,3.3636788958333335,36.58465541666667
2020-03-06,0.12024721243648545,82.47759791666667,1.2877096666666668,25.856577166666668
2020-03-07,0.050215722430544785,91.94897916666667,-0.7935716458333334,97.99368418958333
2020-03-08,0.22751787681706948,70.05520833333334,1.281353125,181.3287111770833
2020-03-09,0.0603212071537386,91.73427500000001,1.2970596729166666,73.30283292291666
2020-03-10,0.053571091090469786,91.60616041666667,1.9556725345833332,33.8314148125
2020-03-11,0.13515236417090423,88.55338541666667,8.438019375,63.350410187499996
2020-03-12,0.3130625456336327,75.06100833333333,9.744026041666666,131.2368460625
2020-03-13,0.08470397840128426,89.14007083333333,2.503778083333333,101.15090483541667
2020-03-14,0.12631642887017894,82.37329375,1.6645928395833334,107.54472976250001
2020-03-15,0.30592396472012157,67.772225,3.9997667145833335,222.67837981041666
2020-03-16,0.36064493828994776,65.46010625000001,6.435861041666667,219.3934959899375
2020-03-17,0.3533121558809054,70.31864166666666,8.313027708333333,195.76217570625
2020-03-18,0.3075862424515554,75.44505625000001,8.731385416666667,218.10355378479167
2020-03-19,0.3674236471994319,72.64290416666667,9.789672916666666,219.41978377083333
2020-03-20,0.3420891314543149,70.82824791666667,8.830578749999999,123.12571899854167
2020-03-21,0.03781916321940454,96.17141041666667,4.193189875,125.04524822020834
2020-03-22,0.020278677660134213,96.58515625000001,-0.23580873333333333,46.25745588958333
2020-03-23,0.12897275894597254,77.97465208333334,-2.1396879583333335,189.40617809937498
2020-03-24,0.1913506250549045,67.2983375,-2.11794425,250.22280978708332
2020-03-25,0.14167909194419118,74.41640416666667,-2.4273439166666666,152.03686667020833
2020-03-26,0.12113695532316547,78.79162083333334,-2.1564653875,196.9051565569375
2020-03-27,0.21310869919789868,74.07983958333334,2.121079375,208.1068600145833
2020-03-28,0.3196524246790216,69.14491458333333,6.162915000000001,234.2825795000625
2020-03-29,0.08770594437625286,89.35203333333334,1.7636044999999998,80.89875260208333
2020-03-30,0.015045801605962474,96.81992083333334,-3.10426,72.99748469020834
2020-03-31,0.187413844633098,69.53382708333334,-1.4335595291666667,273.69253551833333
2020-04-01,0.23273793818677357,67.95603333333334,0.5877374562500001,268.7729347225
2020-04-02,0.35724545366389254,61.28579375,4.399660645833333,261.43737140208333
2020-04-03,0.34557422992234565,60.50316875000001,4.497205983333333,262.60563874166667
2020-04-04,0.335169264104143,66.70768333333334,5.542900272916667,270.58375060416665
2020-04-05,0.5629938995008594,54.36705,8.614365625,277.940515484375
2020-04-06,0.6976515075112538,48.73050625,10.789381041666667,275.829624068125
2020-04-07,0.6973543359457518,51.454022916666666,11.263020833333334,276.36553199729167
2020-04-08,0.8091578957294464,43.71431875,11.88707625,275.11002290687503
2020-04-09,0.6825211041396119,53.23801041666667,11.747581666666667,231.69915494375002
2020-04-10,0.7061406228391469,53.739870833333335,12.074906458333333,281.0982095645833
2020-04-11,0.7131174334931046,54.29013125,12.620805625000001,279.85589719
2020-04-12,0.82226737950422,49.48734375,13.1006025,250.828481469375
2020-04-13,0.5754933680000309,59.7970875,11.34729625,264.17069764583334
2020-04-14,0.2415646089989527,70.8286375,3.4203052708333335,249.88959833333334
2020-04-15,0.4910425974290729,59.57724166666667,6.728260414583333,301.56351082979165
2020-04-16,0.6797945032943638,53.75332708333334,11.869048541666666,275.8325690683333
2020-04-17,0.6925663974803548,57.88273541666666,13.403311666666667,271.08568626875
2020-04-18,0.589225006274238,64.27422708333333,13.440968333333332,280.0596014166667
2020-04-19,0.43611812230379327,72.09158958333333,12.590782500000001,209.30838692708335
2020-04-20,0.2247801404361669,83.42999791666666,10.374365208333334,225.03303364583334
2020-04-21,0.21510702303963639,82.65660625,8.88379125,166.91713295833333
2020-04-22,0.5723380610643874,61.46176875,11.711391666666666,311.8622211854167
2020-04-23,0.70370288523028,53.54968333333333,11.616184375000001,312.4976467789583
2020-04-24,0.8036917250789263,49.8016625,13.235073333333332,273.21487784958333
2020-04-25,0.5847473784883976,63.39669375,13.240027291666665,264.19405424999997
2020-04-26,0.27763756411597235,81.81135,11.0153075,252.5186188125
2020-04-27,0.5071868492364126,69.08179791666667,12.281940416666666,319.697358729375
2020-04-28,0.08061487652508427,93.46316875000001,8.646449166666667,103.155023331875
2020-04-29,0.13986491904583662,87.75596666666667,7.126736041666667,153.30400204520834
2020-04-30,0.0991782719493971,90.16489583333333,6.734491041666666,64.78958725
2020-05-01,0.07496405312392578,92.40312916666666,6.678723541666667,117.27500020833332
2020-05-02,0.055498797630850506,94.75644791666667,5.947974375,86.12397804104167
2020-05-03,0.19630548011206672,84.31529583333334,7.132337885416667,280.3938166666667
2020-05-04,0.33296991083318433,79.84837083333333,12.526027708333332,300.914925
2020-05-05,0.02815251363743844,97.625475,9.155546875,43.43208431666667
2020-05-06,0.10498173980591773,90.80563958333333,7.20322625,145.96880259937498
2020-05-07,0.38014023363613597,74.41581875,10.426634583333334,343.979437725625
2020-05-08,0.5935949610827412,68.55333541666667,15.521658125,296.9294192208333
2020-05-09,0.590868647944142,70.37287916666666,16.22161875,305.5048105125
2020-05-10,0.5681410106091634,71.49340416666666,15.514043749999999,284.6179921645833
2020-05-11,0.2897167962042886,82.47677708333333,9.545327479166668,52.176789308125
2020-05-12,0.022531574333096258,97.26922916666666,2.381152258333333,101.50993362499999
2020-05-13,0.0024763258504302177,99.79042500000001,6.536056666666667,100.442429375
2020-05-14,1.8359122666110127e-05,99.998,5.7162125,53.531245937499996
2020-05-15,0.016947839847745262,98.24028333333332,5.772405208333333,88.32138436875
2020-05-16,0.1001975114084015,92.46005833333334,7.763570625,178.56804230625002
2020-05-17,0.46453625718906005,70.69862916666666,12.086979583333333,350.51551670833334
2020-05-18,0.5655371289903836,65.81971041666667,12.91131,352.7840241583333
2020-05-19,0.6779746663471177,62.12957708333334,15.041397083333335,352.18432624729166
2020-05-20,0.6658858880320667,62.6159,15.15366875,360.5065545680625
2020-05-21,0.7107325099599328,62.047583333333336,15.153569583333335,360.0853524666666
2020-05-22,0.8892196020954138,58.29060416666667,16.90838125,278.2660158375
2020-05-23,0.3269277462653427,82.88507708333334,12.389155208333333,135.05906515416666
2020-05-24,0.3598488973193878,74.35756666666667,9.15056125,349.65775353124997
2020-05-25,0.4391872257110406,70.76488541666667,11.399048541666666,374.11067630625
2020-05-26,0.5036757425078942,66.77110208333333,11.935775625,359.01956471
2020-05-27,0.5765281492539914,62.7614,11.944643958333332,371.81463658333337
2020-05-28,0.6389014633118282,59.91732916666666,12.855625833333333,319.72853711458333
2020-05-29,0.5286088620028245,61.96172708333333,11.233733749999999,364.01093258291667
2020-05-30,0.4041044195920919,71.92207708333333,10.253574166666667,348.6661492827083
2020-05-31,0.5036250758437081,65.8019625,11.26765125,368.99168887229166
2020-06-01,0.68669967790045,61.74826041666666,13.770070416666668,372.8926409266667
2020-06-02,0.7820404862954833,59.45214166666667,15.190476666666667,370.94428004375
2020-06-03,0.7196618321541637,63.331264583333336,15.22716125,290.9205491208333
2020-06-04,0.06901601354433616,94.48199583333333,10.223527083333334,73.65949705208332
2020-06-05,0.16382316183928455,87.23220624999999,9.305475416666667,86.14850807291667
2020-06-06,0.21480811745418207,85.61568333333334,12.031387291666666,142.35848441666667
2020-06-07,0.06135094397523175,94.61590208333332,8.0781925,92.24365889791666
2020-06-08,0.15045908562550506,88.56723125,9.289468125,152.78194979166668
2020-06-09,0.0027419762954130097,99.73920208333334,8.192881666666667,55.8402821875
2020-06-10,0.014339423753295983,98.81008541666667,8.927351666666667,73.16584553958333
2020-06-11,0.12309187326045806,92.25375208333334,11.247210833333334,227.17316789999998
2020-06-12,0.9604588639086084,54.74276875,16.632559166666667,377.25141537291665
2020-06-13,0.32516664020280656,81.99507708333333,13.781616666666666,255.99599822916664
2020-06-14,0.03877809851167794,97.02170416666667,9.953705416666667,56.28800857291666
2020-06-15,0.21981639278475015,85.47798125000001,12.461177083333332,157.826475
2020-06-16,0.24223468716522403,85.37743541666667,13.36715625,226.83294045833335
2020-06-17,0.04060984528733286,96.972525,10.69354125,84.84494815833334
2020-06-18,0.15420158826229688,89.95801041666665,10.950736666666666,184.69274474375
2020-06-19,0.09255725537190478,92.98576874999999,10.019641458333334,128.51294889583332
2020-06-20,0.279313287818811,83.4436125,12.70904125,276.013355
2020-06-21,0.5028902807574723,74.20792291666667,14.767704375,366.855855025
2020-06-22,0.4774279949023117,75.05244583333334,16.13013125,216.5009190979167
2020-06-23,0.6287438009990373,71.25147708333334,17.71055,371.29153389375
2020-06-24,0.6772403847596563,69.92208541666666,17.876466666666666,372.7230703979167
2020-06-25,0.7100616279901133,68.98859583333333,18.08268125,319.366847099375
2020-06-26,0.5231888274955392,77.21708124999999,18.46056875,239.82656218062502
2020-06-27,0.528196078613691,75.58874791666666,17.8156,245.56647531041665
2020-06-28,0.39068508117119,81.32886041666667,17.058343750000002,180.69739659160416
2020-06-29,0.22640666350210745,88.46307083333333,14.416906249999998,196.26350003291668
2020-06-30,0.5091849716966433,75.48956875,16.232402083333334,368.3929752770834
2020-07-01,0.5913258714036267,75.74111666666667,18.654283333333336,303.33716962291663
2020-07-02,0.15382114141700393,92.22915208333335,15.378295833333333,190.6686534375
2020-07-03,0.13105548074146686,91.66327708333334,12.161904374999999,127.4166462375
2020-07-04,0.44711492891614624,77.34268541666667,15.135217083333332,348.8833305791666
2020-07-05,0.6370214836979202,72.7677875,18.450833333333332,368.3492096775
2020-07-06,0.3388390008943308,79.81231041666666,14.746085416666666,124.89594835208334
2020-07-07,0.486879460673382,66.38600344827586,13.681475071548823,200.52124219142289
2020-07-08,0.7519480254496392,63.20315416666667,15.954961666666668,366.92824558056253
2020-07-09,1.0999427912992155,56.66172291666667,19.46612083333333,347.08805235479167
2020-07-10,0.8850125245236002,64.66219565217392,20.094004524410774,263.00573423037116
2020-07-11,0.12980635984235664,92.11187291666666,12.968908333333333,128.432988995
2020-07-12,0.41620990160996646,77.21403541666668,14.362064375000001,364.608555
2020-07-13,0.5431755510679165,71.96895416666666,15.162686666666666,340.1484935583333
2020-07-14,0.7520908377288918,62.78771458333333,16.079504166666666,347.0277570827083
2020-07-15,0.33941932897220095,80.200825,14.091716666666665,134.70349315479166
2020-07-16,0.028295516858590695,98.0574375,11.800218749999999,46.58551216666667
2020-07-17,0.05801300499477349,96.3826375,12.294400000000001,133.41076378541666
2020-07-18,0.44050515342224444,76.48716041666667,14.565629166666668,348.0772214583333
2020-07-19,0.5835294915446668,72.44219791666667,16.27150333333333,348.05776909499997
2020-07-20,0.9396502818123803,62.630658333333336,18.964383333333334,343.10648204375
2020-07-21,0.5502142007323726,75.61577916666667,18.35606041666667,196.98933429791668
2020-07-22,0.3536707730736654,84.91344166666667,18.27804791666667,204.46038675625002
2020-07-23,0.5581370446142191,75.02684791666667,18.113712500000002,294.22151649541667
2020-07-24,0.4360263802502035,75.40701041666667,15.421564583333334,135.376252
2020-07-25,0.6919186189995297,68.26661041666667,17.6196375,338.509965125
2020-07-26,0.6838145152265461,69.42037708333334,18.571324999999998,247.266901926875
2020-07-27,0.978966788734826,65.15655833333334,20.435950000000002,337.0398368375
2020-07-28,0.8221796041948991,70.30765000000001,21.517862500000003,281.61142376916666
2020-07-29,0.37401549474249,84.77714375000001,18.581799999999998,287.17514573958334
2020-07-30,0.6788340758413517,76.76464583333333,20.733747916666665,316.95863829922916
2020-07-31,1.2837286784755622,60.290560416666665,23.913620833333336,320.63397966208333
2020-08-01,0.895303435719854,67.61162708333333,21.921277083333333,251.33164474770834
2020-08-02,0.17960335564402632,91.41312291666667,16.41768958333333,123.50875024166668
2020-08-03,0.011533616326859912,99.21761666666667,11.861187291666667,39.16901517854166
2020-08-04,0.05848715953366162,95.74078750000001,10.055461458333333,102.98442159791666
2020-08-05,0.2590672454529444,84.80000625,12.585264583333334,328.28955016875
2020-08-06,0.3525562786660837,83.94109583333334,15.956331458333333,329.23564128187496
2020-08-07,0.4563561130854517,87.92134583333335,17.93853550294613,323.2653574500501
2020-08-08,0.4629717539013958,,17.388728197250284,323.2523696685773
2020-08-09,0.5418744266401098,,18.034026413439957,320.57778993626033
2020-08-10,0.6389423854513737,,19.566431648528937,269.99085397769244
2020-08-11,0.6983861865825917,,20.171912356200895,268.5371240124062
2020-08-12,0.8074138447909031,67.90653529411765,21.66834968048541,268.2585149604167
2020-08-13,0.657920582401588,72.51719583333333,19.342914583333332,187.57714096875
2020-08-14,0.23510666256361326,88.90243958333333,16.764008333333333,193.6544705625
2020-08-15,0.33924999625614066,85.26910416666666,17.421854166666666,224.88202035625
2020-08-16,0.5372071965408913,78.88459791666666,19.14132916666667,259.26921379645836
2020-08-17,0.19514028082520832,90.47891875,15.180579166666666,187.089756774375
2020-08-18,0.352707672871557,81.6727125,15.378710416666665,226.0286531520833
2020-08-19,0.5168584235398708,76.17747708333333,17.02412083333333,259.933639838125
2020-08-20,0.9382978927196767,67.24954375,21.70832083333333,278.847893438125
2020-08-21,1.2827909542492677,58.53181458333333,23.99393125,287.83906191458334
2020-08-22,0.3390300259537197,83.8319375,17.50910625,101.959286325
2020-08-23,0.3747573710786438,79.10641458333333,15.379491666666667,196.095888125
2020-08-24,0.4461703240220329,74.23818333333334,13.787467291666665,265.17488932708335
2020-08-25,0.782065473637128,63.605875,16.33362083333333,250.76906371458335
2020-08-26,0.9138115611866313,59.11532916666667,18.641927083333332,256.21302388124997
2020-08-27,0.6046249441613665,69.44531458333334,16.114739583333336,243.17725697083333
2020-08-28,0.4730863767964096,76.44176458333334,15.701010416666668,142.822867583125
2020-08-29,0.013945917233952143,98.9118125,10.586460416666666,32.37162686395833
2020-08-30,0.02292349262890886,97.89848333333333,8.534667916666667,28.488961516041666
2020-08-31,0.1133377199193648,92.33274999999999,10.296325416666667,144.92429817083334
2020-09-01,0.10383685213479749,92.74666041666667,10.574755208333334,129.96170924583333
2020-09-02,0.13546443189141769,91.4283875,10.950034375,158.199387105625
2020-09-03,0.38722735465886227,79.28868541666667,13.096396458333333,263.8097702083333
2020-09-04,0.5828006806420706,74.48225208333334,16.770177083333333,262.05293732395836
2020-09-05,0.7436708643416358,67.47685833333334,18.512804166666665,219.259727244375
2020-09-06,0.028843926224451477,98.09609999999999,11.177395208333332,28.262434389583333
2020-09-07,0.10846350055496858,92.42415833333332,10.958875833333332,120.28330246458334
2020-09-08,0.16177320409106474,91.2498875,12.460416041666667,251.47501409583333
2020-09-09,0.39405704330326663,82.23543333333333,15.817208333333333,250.6946249604167
2020-09-10,0.33762097306618327,82.66313333333333,15.643133333333333,221.82774729791666
2020-09-11,0.21051244135786784,89.50399375,15.606512500000001,217.79104011041667
2020-09-12,0.29134189614287925,86.95654166666667,16.510970833333335,200.0410930500625
2020-09-13,0.3223355119779637,85.55494583333332,17.4110625,229.674491225
2020-09-14,0.4863391584290504,80.93376041666666,18.649810416666664,231.48689923125002
2020-09-15,0.6873656948646683,71.3235,18.804447916666668,229.33100454791668
2020-09-16,0.5353715002356731,76.91763541666667,18.15180416666667,184.27616423083336
2020-09-17,0.34561962097286036,83.70971458333334,17.127270833333334,217.072994225
2020-09-18,0.15089293594587405,93.20136874999999,16.188575,207.56472025833332
2020-09-19,0.18764859981528406,90.75643958333335,15.142141666666667,131.451971261875
2020-09-20,0.13429358782607967,93.49879791666666,14.955379166666667,188.86367658541667
2020-09-21,0.19519378363189657,90.07408333333335,15.18066875,133.50209664583335
2020-09-22,0.17520957375376633,90.38917916666666,14.705495833333332,106.11738757145832
2020-09-23,0.1308993698868224,92.01156041666667,12.799329166666666,114.21124017979167
2020-09-24,0.19723267585063142,87.86874375000001,13.365464583333333,128.26703468541666
2020-09-25,0.05677825912835057,94.28442916666667,5.565116458333333,25.99901302083333
2020-09-26,0.11570263654861505,85.9869375,3.6178408333333336,48.25380691666666
2020-09-27,0.14374031199336346,84.49590833333333,5.090097708333333,106.95419233333332
2020-09-28,0.12151901242156647,89.31634583333333,6.652121666666667,182.15099740416667
2020-09-29,0.025730315625507514,97.58372916666667,7.216135625,45.62109891875
2020-09-30,0.00846842235668927,99.30973958333334,7.964137708333333,100.71773048270832
2020-10-01,0.13022824310563622,90.57158333333332,9.7308875,132.263413375
2020-10-02,0.5940208458034727,68.19725208333334,13.550764791666666,55.22969391666667
2020-10-03,0.12148761601565383,91.0419875,7.285773958333333,120.26979495854168
2020-10-04,0.1811620236422147,85.63383333333333,8.539049375,179.6462563270833
2020-10-05,0.09412492406827172,91.02882916666665,6.9902210416666675,88.89305039229167
2020-10-06,0.15868355296757272,86.12945,8.543351458333333,86.05838557291668
2020-10-07,0.0972217906610835,90.53733333333334,7.045128333333333,44.462288270833334
2020-10-08,0.2922306821904531,77.90599999999999,9.508248541666667,161.03931655833333
2020-10-09,0.19122156397410336,86.78436666666666,10.736745833333332,136.37598368125
2020-10-10,0.034354689037323534,97.05719583333332,6.971436874999999,25.314316419791666
2020-10-11,0.050931965796648326,94.14641458333334,3.658377291666667,75.700435865
2020-10-12,0.055444820896280944,93.12972083333334,2.5067263937499997,68.45850822916667
2020-10-13,0.05855254899257586,95.60706666666665,2.633753442038441,93.91745658390884
2020-10-14,0.04901875730006817,,3.0340372881067625,79.0932648015192
2020-10-15,0.020178254058852367,99.44590952380952,2.663834478826459,44.19416357041393
2020-10-16,0.007550520756408295,99.13929166666667,3.87456875,48.549063697291665
2020-10-17,0.0072950616050959744,99.13915625,4.0415833333333335,46.14547660416667
2020-10-18,0.031296720140592635,96.54896458333333,4.332926875,72.02405089437501
2020-10-19,0.06521695256629036,93.24124375000001,3.9585629583333333,130.441728224375
2020-10-20,0.33095570130781465,71.70489166666667,7.864771458333333,114.41864302520833
2020-10-21,0.6649063629037592,55.821497916666665,12.450335833333334,66.1912628125
2020-10-22,0.44117863120392237,71.30888958333334,12.147378958333334,106.09165390208334
2020-10-23,0.034035023332950186,97.30048541666667,9.879655,40.779468120833336
2020-10-24,0.07686102710198282,93.93513125,7.928649166666666,98.08758932354168
2020-10-25,0.25187713376570536,80.67293125,8.59721,131.29388072083333
2020-10-26,0.026447720063998963,97.72404791666668,2.8729083770833337,9.545846803541666
2020-10-27,0.088864239673347,89.831525,3.6924216666666667,106.34114696041667
2020-10-28,0.16731891714837632,83.09829375,6.90471625,42.1524979625
2020-10-29,0.07699438660994344,92.69656250000001,7.535283125,25.223450208333333
2020-10-30,0.13500296256642128,89.16900625,8.558745,126.9823773575
2020-10-31,0.4112138264072475,71.00155208333334,10.118298541666666,129.16430540833332
2020-11-01,0.5238893314142287,63.236266666666666,12.316397708333334,43.67442540208333
2020-11-02,0.5935515831750308,66.54755208333334,15.336397916666668,111.88399124583333
2020-11-03,0.12176088659169763,92.08740416666667,9.156499583333334,22.3946769868125
2020-11-04,0.0012293873725788427,99.84859166666666,3.5065604166666664,15.356178204791666
2020-11-05,0.002693902168563258,99.68216458333335,4.02313875,13.171029079854167
2020-11-06,0.023090433922749325,97.74081458333335,4.926737083333333,80.60223491875
2020-11-07,0.36647256463746264,71.31726458333334,8.480700208333333,106.48353843145833
2020-11-08,0.34982059680216215,71.43739166666667,8.793049583333334,84.30812160479167
2020-11-09,0.2561021426776768,79.21218125,8.6676025,108.23349540562499
2020-11-10,0.11083559007900605,89.37054791666667,6.21953375,90.5997126394375
2020-11-11,0.036728496483790334,96.43677708333333,4.87152875,99.0362962336875
2020-11-12,0.14895667212867375,86.43219583333332,6.242438541666666,91.75066378402083
2020-11-13,0.2936054920312374,73.61340208333333,7.331318958333333,94.14474491895834
2020-11-14,0.2834065917299143,74.81335,7.825786666666667,100.20147699520834
2020-11-15,0.329262622618872,73.08820208333333,8.929289583333334,96.76539413958334
2020-11-16,0.10866184344843473,88.55011875000001,5.944371041666667,58.44573701041667
2020-11-17,0.0920699813186776,89.98205,4.797041666666667,86.56931148541668
2020-11-18,0.43940357532912105,65.54721666666667,8.398623333333333,98.020450675625
2020-11-19,0.23430177939288113,78.13328750000001,5.873974166666667,16.600614188125
2020-11-20,0.02639537057568446,95.76250833333334,0.3281867520833333,38.13985377354167
2020-11-21,0.031290046057774586,94.28891666666668,-2.088292375,72.52973604520834
2020-11-22,0.28502002546031807,61.36949583333333,1.8741838125,86.00454861187501
2020-11-23,0.24193429016662502,68.48207916666667,2.6447648770833334,81.95048993125
2020-11-24,0.16294069399552533,77.82320625,1.490504125,91.29465761458333
2020-11-25,0.2458756278828872,68.94666666666667,3.251107625,88.76456504729167
2020-11-26,0.2592113852366899,68.60285416666666,3.329445354166667,88.00827540416667
2020-11-27,0.2420015540245959,69.56004166666666,2.746839314583333,83.13039326729167
2020-11-28,0.019577396983124735,96.64859583333333,-1.8239924541666666,45.55615554375
2020-11-29,1.0180634669961909e-05,99.998,-2.473214583333333,12.44840069625
2020-11-30,9.861593134234837e-06,99.998,-2.9007183333333333,15.898812698541667
2020-12-01,0.00031382107918660827,99.998,-1.9845620404040403,18.230159308503485
2020-12-02,0.002165520799221289,,-2.0402724577020197,20.25824808200919
2020-12-03,0.01440522551725477,96.22287083333333,-2.0436223648989897,86.3896967996533
2020-12-04,0.22936556521632348,70.70244791666667,1.7329097500000001,34.477213595833334
2020-12-05,0.002704042124991502,99.54334166666666,-0.8844709352083333,26.34675782422917
2020-12-06,0.004086068925182352,99.998,-0.8218408180155722,26.408758275922384
2020-12-07,0.0018860325878387475,,-1.9689342120621551,28.484226863004242
2020-12-08,0.0017132840927982975,99.998,-2.158054390878927,28.885978467874178
2020-12-09,0.0014622369728423139,99.998,-1.620713566525974,28.976830899984467
2020-12-10,0.002657304707550518,,-0.786984648819545,28.4762202165857
2020-12-11,0.004828900387767578,,-0.13001945314253638,27.307545384620614
2020-12-12,0.0066310117282070745,98.8944619047619,1.1712354567340064,27.14992981925826
2020-12-13,0.007147144955783444,98.97653541666666,0.7339996833333333,30.5159553125
2020-12-14,0.1936279884343055,77.14731875,2.6308052145833334,54.80240815625
2020-12-15,0.1734378589120754,79.70946875,4.554252916666667,38.511377952083336
2020-12-16,0.10911667077730751,87.13982083333333,3.6551683333333336,73.50900519610417
2020-12-17,0.25944453027554504,72.41867333333333,4.769200149410774,67.37492524190817
2020-12-18,0.24799353757554424,71.91497083333333,4.341283333333333,70.825415375
2020-12-19,0.400245867507427,58.67649583333333,5.9231822916666665,69.69519963333333
2020-12-20,0.2524724305274744,71.10177083333333,4.638369375,54.862570261875
2020-12-21,0.0744410880500145,90.55182083333334,3.2102460416666667,21.377331770208333
2020-12-22,0.17635352494685086,84.8052375,7.782234166666666,54.90532593958333
2020-12-23,0.2936289247049768,74.29084791666666,8.421178958333334,28.599531559791668
2020-12-24,0.08151390025782758,90.26083541666667,3.5349758958333335,46.333674844791666
2020-12-25,0.002178944382058313,99.4994,-2.9063741666666663,14.362110833333332
2020-12-26,0.03634476312738828,91.15680208333333,-5.902770625,60.404004039583334
2020-12-27,0.17864983051169503,69.8336,-3.408729625,36.065307609583336
2020-12-28,0.13024726967423533,80.22685416666667,-0.8943528541666668,13.009513347916666
2020-12-29,0.0980621965934335,83.71755416666666,-0.6282600541666666,34.501162840625
2020-12-30,0.042126302120166735,92.27141666666667,-2.1026030625,33.459124896458334
2020-12-31,0.08340566779966874,85.16238125,-2.551417895833333,40.40468698604167
2021-01-01,0.023482971724077525,95.98964375000001,-1.8724398750000002,26.998397229166667
2021-01-02,9.935360123383102e-06,99.998,-2.8072016666666664,15.642896645833332
2021-01-03,0.0008558167411957655,99.81861702127661,-4.093408487514029,14.980697916666665
2021-01-04,0.009074389666271917,99.43115,-3.769585574228399,18.257023991114853
2021-01-05,0.0028005592260565743,99.34249268292683,-4.994144819584737,17.325998601290685
2021-01-06,0.002814010052013014,99.3432,-4.920514335557961,31.096610625
2021-01-07,0.0030972598160321162,99.24369166666666,-4.718765833333333,44.72717708333334
2021-01-08,0.018386734819683174,95.62194791666667,-5.803205625,58.96328520833333
2021-01-09,0.045337911953978106,88.19515833333332,-6.579861666666667,78.397586875
2021-01-10,0.03721988866414407,89.81327083333333,-7.150400416666667,84.7143325
2021-01-11,0.030844926419873398,91.31842083333333,-8.040947083333334,73.02814416666666
2021-01-12,0.05428547004974655,87.46873541666668,-3.040182354166667,18.546132500000002
2021-01-13,0.003749964025012858,99.37103958333334,-0.7304481020833333,22.213712291666667
2021-01-14,0.01615801136884396,99.998,0.20891471835427688,12.494506096981723
2021-01-15,0.060057496114607166,,0.21530921917999427,12.80860298327521
2021-01-16,0.07678374110485515,,0.21409345032477542,13.00118007607824
2021-01-17,0.11564770290610736,,0.7779966315838945,55.348679178785865
2021-01-18,0.12098468469767089,,0.10855000439494134,93.7978173839225
2021-01-19,0.1408284201136227,70.215464,0.08783312960477789,93.480809323092
2021-01-20,0.2876815668836244,64.66774375,1.9519309187500002,65.94238625
2021-01-21,0.5115940377729845,48.21314375,6.688617083333334,74.78538652083334
2021-01-22,0.2960786114825638,68.92954583333334,4.8969544208333335,67.10903958333334
2021-01-23,0.022664801883080506,95.76011428571428,-1.7356458298550985,61.00447916666667
2021-01-24,0.07080300155089546,85.74963125,-2.8809895625,96.29320439583334
2021-01-25,0.018772423630487457,96.01218125000001,-3.7477979166666664,38.594873125
2021-01-26,0.07256928674955392,84.04235416666667,-4.613164375,57.347405
2021-01-27,0.03009066219676069,92.72123958333333,-3.55563575,20.997766875
2021-01-28,0.03964900930652085,95.71264791666668,3.815959708333333,15.628591875
2021-01-29,0.10278403815351737,87.99487083333334,4.181267291666667,27.224405833333336
2021-01-30,0.04224564023865666,94.157175,2.3222549999999997,24.15259479166667
2021-01-31,0.015826311084346446,97.92128124999999,2.1542694791666666,44.97375125
2021-02-01,0.021523275715393735,97.13961875,2.612571375,28.634688333333333
2021-02-02,0.0824680178516476,90.8378125,4.991140416666666,26.269071916666665
2021-02-03,0.09250333464781953,90.23035833333334,5.765436666666667,17.447420208333334
2021-02-04,0.20165142441685843,77.75895833333333,5.198828958333333,59.16319958333333
2021-02-05,0.23023003862120692,75.1156625,5.694886041666667,93.202154375
2021-02-06,0.3600837987684629,68.24605208333334,7.012229791666667,38.41545229166667
2021-02-07,0.09957880130610115,89.49816875,2.5214602083333335,14.157588979166666
2021-02-08,0.06848266983294053,90.08537916666667,-0.89622608125,127.91817833333333
2021-02-09,0.0003871905550606076,99.91826250000001,-2.9339745833333333,42.889692125
2021-02-10,0.00234573192633565,99.41952083333332,-2.5598266229166664,42.78148375
2021-02-11,0.011034708875177003,96.37363333333333,-9.177401666666666,32.645864270833336
2021-02-12,0.011951961548006972,95.89823157894736,-9.761411023729357,39.82751037198373
2021-02-13,0.01288437752031422,95.04469999999999,-11.137932708333333,55.845020625
2021-02-14,0.020443619036395015,93.50282619047618,-8.983972698021885,135.4658274620611
2021-02-15,0.18938868611672677,67.94505833333334,-1.5713594041666665,75.892135
2021-02-16,0.12604797053024633,86.49879583333335,4.6369749375,101.54510312500001
2021-02-17,0.1009101111334693,88.23088958333334,3.792232041666667,98.63587860416668
2021-02-18,0.3487287220497759,60.34636458333333,4.368531229166667,105.02457500000001
2021-02-19,0.2886570713340655,70.41472291666666,6.3568058333333335,124.62801541666666
2021-02-20,0.3008693732248264,68.77949375,6.006128749999999,157.31587854166665
2021-02-21,0.5953155023977722,48.03936875,7.925436875,162.9722959375
2021-02-22,0.9602007034753098,30.290904166666667,11.276586666666667,129.894223125
2021-02-23,0.6119585001149374,48.606714583333336,9.171015625,140.629309375
2021-02-24,0.5742270191044127,56.48355625,10.240355416666667,146.525251875
2021-02-25,0.603630663009295,51.52361041666666,9.559789375,168.41213812499998
2021-02-26,0.48019973527376325,58.82310625,8.578603958333334,133.06694145833333
2021-02-27,0.014997454388319544,97.77636875,1.2797717708333334,28.175033125
2021-02-28,0.022669038400664768,96.56628333333333,-0.18329760625,76.891913125
2021-03-01,0.1799601709289139,79.53711666666666,2.414032833333333,181.8902372916667
2021-03-02,0.5296726356596018,46.663185416666664,6.205914791666667,183.88261916666667
2021-03-03,0.5124971453301486,47.57760208333334,6.229713749999999,70.84812109583333
2021-03-04,0.3586392539548116,63.10237083333334,5.709775625,107.26518360416667
2021-03-05,0.014160529272686054,97.90925625,1.06912314375,26.171232833333335
2021-03-06,0.017703903134961296,96.86499583333334,-1.5687635041666665,55.86957270833333
2021-03-07,0.053920176709885526,93.40669791666666,1.7036799791666668,100.05191520833334
2021-03-08,0.07268252885755745,90.00831666666666,1.72743405,120.29114958333334
2021-03-09,0.10514237650339604,84.16096666666667,0.15478963750000002,117.099008125
2021-03-10,0.23058959158192413,70.65784791666667,2.2193267958333336,183.15036124999997
2021-03-11,0.409357100211017,61.53456875,7.428677708333333,93.73776213479165
2021-03-12,0.2575343712416406,68.926675,3.656813916666667,140.09561416666665
2021-03-13,0.3150674906640594,65.11533541666667,4.268937958333333,127.84362812500001
2021-03-14,0.02263053710493204,96.17553333333333,-1.2151700285143099,54.92701744970538
2021-03-15,1.131800171845729e-05,99.998,-1.0524877823958334,31.263693958333334
2021-03-16,0.007138942338881584,98.71988125,-1.7403855833333335,74.13365
2021-03-17,0.004102541304288613,99.26923750000002,-1.8198158958333333,88.23067375
2021-03-18,0.04483177889363466,91.386775,-3.550027604166667,178.41588104166667
2021-03-19,0.0832254919391415,85.19853541666667,-3.41669205,226.5620041666667
2021-03-20,0.08121244617747066,82.69776458333332,-4.2659925,227.52345070833334
2021-03-21,0.12123980402377282,75.95359166666667,-2.8422850208333332,88.85641239583333
2021-03-22,0.06783557566004032,88.21025625,-1.2368478537499998,141.702919375
2021-03-23,0.1718697014233352,74.31029166666666,0.15021575625,226.97558510416664
2021-03-24,0.3896351742738294,61.46800833333333,4.908634681250001,242.32384194375
2021-03-25,0.5022682825347423,52.734141666666666,7.269511666666666,228.03643522916664
2021-03-26,0.44204486797044945,61.46002708333333,7.508529583333334,226.76220491666666
2021-03-27,0.15251777431487684,82.15331666666667,3.72177625,53.13141687499999
2021-03-28,0.3657982506659607,64.02940833333334,5.448017240625,243.08341875
2021-03-29,0.7175103479767571,44.39553541666667,10.049816666666667,245.76420645833332
2021-03-30,0.6764846712186395,52.50799166666667,11.526959791666668,248.76146708333332
2021-03-31,0.814379789643417,50.49309791666667,12.78609875,250.5760725
2021-04-01,0.815069995716791,49.483824999999996,13.2907575,247.63441687500003
2021-04-02,0.4266074768572727,68.16652291666666,10.451558541666666,232.39258375
2021-04-03,0.1700983397266682,76.82515625,2.0889519583333334,150.82090354166667
2021-04-04,0.34095766026244534,58.49402916666667,3.1707031000000003,268.92098541666667
2021-04-05,0.3842157222179976,61.79902708333333,4.791220583333334,189.0684375
2021-04-06,0.06533320385483313,86.18947083333335,-4.634666041666667,185.87023541666667
2021-04-07,0.07225764277220377,84.98046458333333,-4.270727708333333,127.37488666666667
2021-04-08,0.3117215022147966,55.34868958333333,0.9623994583333334,278.57957020833334
2021-04-09,0.584511582154912,43.19157083333334,6.582481395833334,247.98445
2021-04-10,0.4433233002938796,60.38944791666666,7.8205535416666665,208.95267252083332
2021-04-11,0.39272269015979067,70.41940625,8.746935416666666,239.11681683333333
2021-04-12,0.014189705238264357,97.3864375,-0.9875889375,124.01364124999999
2021-04-13,0.09017707884810423,84.95683333333334,-1.4861696041666665,235.08582041666668
2021-04-14,0.1735258682056562,72.47830208333333,-0.5613938479166667,222.96726291666667
2021-04-15,0.14452050764604804,76.7195,-0.6540910395833334,139.95867333333334
2021-04-16,0.17947539326666825,73.2749,0.3764155875,216.73704458333336
2021-04-17,0.12897797337350933,82.01429583333334,0.5417900210416666,195.974174375
2021-04-18,0.08473211940445145,88.22900833333334,1.6950298874999998,72.12702875000001
2021-04-19,0.16712519670991935,80.9637125,3.221296520833333,158.38350708333334
2021-04-20,0.3310866376441323,68.20423333333333,5.645976204166666,209.47808625000002
2021-04-21,0.43524573528138794,62.11459791666667,7.505362708333333,299.72058062499997
2021-04-22,0.29663451225822385,73.21091041666666,7.462584375,195.91614854166667
2021-04-23,0.42538089308348503,65.06832083333333,7.851399166666667,312.54742104166667
2021-04-24,0.6323696027326052,54.51310833333333,10.360679583333333,309.20826958333333
2021-04-25,0.5919786635755837,55.115429166666665,10.173254583333334,311.0290975
2021-04-26,0.3907104870936231,65.62513541666667,8.001072916666667,275.3838706875
2021-04-27,0.4311280163261684,64.58646041666667,8.662421041666667,290.37578291666665
2021-04-28,0.40460305655391826,70.36085833333333,10.299227916666666,193.67857945833336
2021-04-29,0.08088792090140268,92.58515208333334,7.108958125,86.137676875
2021-04-30,0.04539328645525678,96.11235,6.252174375,150.947785625
2021-05-01,1.596640544251155e-05,99.998,3.7032831041666667,44.88994208333333
2021-05-02,0.034091320249950395,95.81655777777777,1.7450077134196127,174.30487266677187
2021-05-03,0.27500084214834875,73.70910416666666,5.2416138312500005,324.56344414583333
2021-05-04,0.5625350856048096,54.88441458333333,9.599546666666667,224.57394652083335
2021-05-05,0.19187983806457598,79.0420125,5.1386925,86.39905643750001
2021-05-06,0.22389226260115214,75.63946875,5.727251666666667,77.48333406249999
2021-05-07,0.11606440158953736,87.77585416666666,4.865557708333333,107.7544138125
2021-05-08,0.5045722915331788,64.87169583333333,9.347869854166666,316.4408625
2021-05-09,1.1468202395637639,42.34681666666666,16.225194166666665,319.9054139583333
2021-05-10,0.6075825999264169,67.22471875000001,13.88721625,217.27539416666664
2021-05-11,0.020529189020377755,98.05484374999999,7.453542916666667,74.47851225000001
2021-05-12,0.10855004706638703,89.44115833333335,6.0658337499999995,114.30693977083332
2021-05-13,0.1265223126047875,87.06844375000001,5.683584375,130.56660158958334
2021-05-14,0.2742414121660475,76.43081666666667,6.95912625,282.7769757708333
2021-05-15,0.15107978826043006,85.41902499999999,6.062294791666667,146.72672558541666
2021-05-16,0.13312270069064044,87.18898125,7.075856041666667,98.46988645833333
2021-05-17,0.25257476419209796,76.37273125,7.276554375,178.67195958333332
2021-05-18,0.22389994125987514,80.38445833333334,7.331859375,229.57926483333333
2021-05-19,0.041490919409239414,95.48303333333332,4.228407291666667,119.86717581250001
2021-05-20,0.20068465845787975,82.8774375,6.860591041666667,245.51739079166668
2021-05-21,0.18657540458596447,84.040975,7.443679583333334,37.955623958333334
2021-05-22,0.2711983380076192,78.32822708333333,7.851242916666667,286.9701152083333
2021-05-23,0.2441130548498368,80.12172291666667,7.495848958333333,334.65381583333334
2021-05-24,0.3047510797751299,74.88695416666667,8.931201875000001,92.417856875
2021-05-25,0.3310131187844818,69.84204791666666,7.175687083333333,243.51717937499998
2021-05-26,0.3576197526145599,70.24303541666667,9.429734166666668,150.02813389583335
2021-05-27,0.0758506306170121,92.94594791666667,6.941394791666667,130.40396363125
2021-05-28,0.3969262694482411,72.832825,10.598736458333333,368.1647535625
2021-05-29,0.3476586424695878,75.05148958333334,10.944639375,265.98644520833335
2021-05-30,0.5261405515047612,62.10290208333333,11.140842708333333,375.64957625000005
2021-05-31,0.5412779012362993,64.79842916666666,11.85725875,361.03930833333334
2021-06-01,0.6925415278720416,62.26081666666667,14.464130208333332,366.9756585416667
2021-06-02,0.5378840847971001,70.69077708333333,15.194239583333333,242.28717770833336
2021-06-03,0.4764016062513958,77.66886666666666,16.09555,275.5748510708333
2021-06-04,0.4447370433322817,77.87767708333332,16.486191666666667,242.95226427083333
2021-06-05,0.08232276609665512,94.61266875,11.8789825,119.12638395833334
2021-06-06,0.05854512569290687,96.07433125,12.056937499999998,109.27742218750001
2021-06-07,0.0029444821595162054,99.81369375000001,12.358510416666666,71.81446963895833
2021-06-08,0.023997723473426155,98.59777083333334,12.776072916666665,92.41627520833333
2021-06-09,0.0810547047285755,95.65093125,13.783589583333333,155.85577625
2021-06-10,0.36573684253058314,82.92562916666667,15.344934166666667,349.80080062499997
2021-06-11,0.5804653084392692,73.26316874999999,16.343025,356.6017275
2021-06-12,0.763702166854633,66.74647291666666,17.999070833333334,335.86348416666664
2021-06-13,0.5410196104811857,73.6738625,17.040047916666666,328.6125935416667
2021-06-14,0.730983370493265,67.11999791666666,17.3001875,378.33041208333333
2021-06-15,1.0080716734782527,58.88953958333334,19.065437499999998,366.15860833333335
2021-06-16,1.0084903026829533,60.242727083333335,20.182904166666667,325.25266041666663
2021-06-17,1.1354580947483808,59.79791041666667,22.44904375,326.8558660416667
2021-06-18,0.7512792464746685,73.30173541666666,20.9861375,294.7094610208333
2021-06-19,0.5404270750173176,81.55643541666667,21.075968749999998,304.0028647916667
2021-06-20,0.2898826145951766,87.83144375,18.50350625,201.81147716666666
2021-06-21,0.39062092208006544,81.33078541666667,16.772004166666665,253.15379958333332
2021-06-22,0.07517239162892882,95.51859375,13.480110416666667,119.33619895833334
2021-06-23,0.19954195984449033,89.72070208333334,14.753908333333333,191.08000629166668
2021-06-24,0.14085712035623277,92.10889166666668,12.291142916666667,166.80458729166668
2021-06-25,0.08330031169672865,94.77233333333334,11.871795,136.56215872916667
2021-06-26,0.2724073848876336,86.71813125,14.986620833333333,265.83074500000004
2021-06-27,0.4834485274094497,80.23114791666667,18.168585416666666,298.34092127083335
2021-06-28,0.2787857934209419,88.12389791666668,17.413464583333333,275.30775854166666
2021-06-29,0.09600030648177298,94.28906458333334,13.08182,138.77505916458333
2021-06-30,0.20062472031991432,86.922025,11.347807708333333,212.65553118749997
2021-07-01,0.07527047077638632,95.12733125,11.867870416666667,92.86610708333335
2021-07-02,0.387935551008505,79.48808333333334,14.287770416666667,314.77774916666664
2021-07-03,0.3262469026148735,83.59436458333333,14.842527083333332,195.74533604166666
2021-07-04,0.11756216780038532,92.99952291666666,14.06806875,120.64957245833334
2021-07-05,0.41648322186014636,78.51532916666666,15.384614583333333,191.1016022916667
2021-07-06,0.4057371266864341,81.20483333333333,16.665333333333333,189.41289833333335
2021-07-07,0.03192157885599048,98.004475,13.306716666666667,84.17735979166666
2021-07-08,0.017301750104661024,98.84664375,12.172235,59.25937360416666
2021-07-09,0.3007326395397412,83.97641041666667,13.474222083333332,279.797125
2021-07-10,0.37264437944141027,82.77946874999999,15.231807291666668,339.91323416666665
2021-07-11,0.3314204222517337,82.49465416666666,14.579768333333334,299.29519208333335
2021-07-12,0.4624608163426742,80.21944791666667,17.459206249999998,265.5232179166667
2021-07-13,0.006959204444287674,99.49072291666668,9.836971458333332,21.91001258333333
2021-07-14,0.12796103313932436,92.02958958333333,11.273210208333333,170.783155
2021-07-15,0.05427696295385903,96.09834375000001,11.670805,51.473254749999995
2021-07-16,0.08126253115979873,95.31113541666667,13.306858333333333,160.48173177083333
2021-07-17,0.03538720391684875,98.24279166666668,14.499987500000001,109.56720291666666
2021-07-18,0.205266733723987,90.00467708333333,16.81385,241.28066145833336
2021-07-19,0.5663383822664164,74.58118958333334,18.31048541666667,346.26121520833334
2021-07-20,0.40760533192606513,81.82508958333334,17.255616666666665,342.81024041666666
2021-07-21,0.5029870930052177,78.32681041666667,17.56149375,333.8952561666667
2021-07-22,0.5532131514637614,76.7003375,18.266479166666667,326.194655625
2021-07-23,0.6212552716546551,75.80834791666668,19.220670833333333,315.4129750833333
2021-07-24,0.41735334363421606,81.56787708333333,17.941014583333335,191.1276044583333
2021-07-25,0.044696203902442444,97.47814166666667,15.04078125,110.76343200000001
2021-07-26,0.10134941020486103,94.4359,14.875372916666668,132.19221152083333
2021-07-27,0.2838476546108482,86.76657916666666,16.43416875,229.73799229166664
2021-07-28,0.15415143742415235,91.97209791666667,15.266852083333333,117.09894979166667
2021-07-29,0.32847278438457406,85.46848541666667,16.559066666666666,304.974128625
2021-07-30,0.30568689025521,87.27070208333333,16.91550416666667,222.491085
2021-07-31,0.12403829236571512,93.17057083333333,14.726072916666666,133.294393125
2021-08-01,0.026044852149990888,98.14116666666666,10.643623958333334,109.14921187499999
2021-08-02,0.25362404555905066,85.14092083333334,12.414641458333334,276.682715
2021-08-03,0.20023096516171515,88.31248958333333,12.259331041666668,174.98432208333335
2021-08-04,0.03232189931464337,97.77784375,11.383286458333332,89.26209645833335
2021-08-05,0.11877276192696097,92.93445000000001,13.188464583333333,160.77215583333333
2021-08-06,0.3236641787761145,82.65954791666667,14.900577083333333,208.53788916666667
2021-08-07,0.15237886001439852,91.46046458333335,13.371414583333333,66.62958041666667
2021-08-08,0.15061409874033346,90.08752916666667,12.488985416666667,87.43215
2021-08-09,0.3237458259423557,82.66855625000001,14.311457083333332,258.85457125
2021-08-10,0.6474134204886587,72.75475416666667,17.424352083333336,310.98272975000003
2021-08-11,0.8083366431892288,69.92323125,19.508610416666667,287.10353854166664
2021-08-12,0.9127311387416156,69.19011041666667,21.20056875,294.701440625
2021-08-13,0.7982049439877333,72.72066279069767,21.089525904882155,276.5595613512072
2021-08-14,0.7005367725250871,77.03682083333334,21.820129166666664,277.58886660416664
2021-08-15,0.6531739874230835,78.00270625,22.158087499999997,231.9658824375
2021-08-16,0.15166757350930193,90.99279166666668,14.770058333333333,51.775141875
2021-08-17,0.20074053205304088,87.40776666666666,12.074144583333334,198.14003625
2021-08-18,0.2739568345981106,83.890225,13.551775,255.78394583333332
2021-08-19,0.17570943897666413,89.7786,14.043541666666668,141.17732458333333
2021-08-20,0.25375271560424434,87.94911041666667,15.975187499999999,240.999698125
2021-08-21,0.5963939279242757,76.17021875,18.520652083333335,265.7517404166667
2021-08-22,0.12718180073687255,92.99609791666667,14.580781250000001,79.52700145833333
2021-08-23,0.22923920414121365,87.19808958333333,13.506454791666668,226.94843104166668
2021-08-24,0.08843997936683128,93.73493541666666,11.817179166666667,105.98126895833333
2021-08-25,0.07199973653062972,94.95220833333333,11.333451250000001,100.60063708333332
2021-08-26,0.17817005423428803,89.39580833333333,12.534314375000001,159.93654583333333
2021-08-27,0.24721377610232312,83.24593125,11.5897875,216.39630879166668
2021-08-28,0.1299189853105494,89.88404791666666,9.95119,113.85259354166668
2021-08-29,0.006387225036287674,99.50956458333333,9.730583125,56.694187479166665
2021-08-30,0.0666280156024927,95.59019166666667,11.035360625000001,116.93780583333334
2021-08-31,0.08179894732412922,94.41240208333333,11.453355416666668,142.86271625
2021-09-01,0.23131498488074595,85.88208958333333,12.416069791666667,270.9264766875
2021-09-02,0.20483877703972472,89.75508913043477,13.487597350589226,264.67983788299665
2021-09-03,0.3528224572192698,82.68634166666666,15.312545833333333,259.3921758125
2021-09-04,0.41163542611025156,79.18366666666667,15.17360625,256.01229916666665
2021-09-05,0.4801653452004417,76.36664166666667,15.69194375,257.91059187499997
2021-09-06,0.4380238381564221,78.51693125,15.847639583333333,253.92071604166665
2021-09-07,0.32017314050449547,83.98537499999999,15.535762499999999,225.13565227083333
2021-09-08,0.6407064277521677,72.06120416666667,17.402764583333333,239.88436312500002
2021-09-09,0.3991630032003615,79.452275,15.807972916666666,130.28213047916668
2021-09-10,0.21632436604010352,88.26827916666667,14.656902083333334,101.87722604166667
2021-09-11,0.22321608890233854,88.0748625,14.743924999999999,189.01996895833335
2021-09-12,0.09955419396394659,94.6040375,13.556199999999999,101.54945729166667
2021-09-13,0.43635080397488174,80.282675,16.067147916666666,230.82416049999998
2021-09-14,0.4959053928454718,77.34775208333333,17.680010416666665,187.72382452083332
2021-09-15,0.10764678512209959,94.18450625000001,15.956495833333333,84.218964375
2021-09-16,0.03433719171552156,98.1130625,14.402191666666667,81.07042812499999
2021-09-17,0.07407692941006626,95.42706249999999,12.385356041666666,100.10489625000001
2021-09-18,0.13715303764815745,92.21740625000001,12.128552083333332,228.38378395833334
2021-09-19,0.007681556403317952,99.27304791666667,8.402396874999999,32.552726666666665
2021-09-20,0.01766654099002499,98.61575416666666,9.371927291666667,54.98175802083333
2021-09-21,0.1512291756228001,89.28341875000001,10.47473125,176.695925
2021-09-22,0.05563792494293759,95.95565,9.030295624999999,152.875125
2021-09-23,0.15504919120788077,91.15729791666666,11.336281875,191.08234854166668
2021-09-24,0.2866302565877104,84.17360416666666,13.817954583333334,208.93358541666666
2021-09-25,0.40929840008514673,80.09028541666667,15.726614583333335,172.69810033333331
2021-09-26,0.14112833523882423,91.10123125,13.399437916666665,57.49755729166667
2021-09-27,0.26357463300286704,85.23877916666667,14.359975416666666,168.183144
2021-09-28,0.050781777221311504,96.34125208333334,10.896150416666666,62.53729135416666
2021-09-29,0.17794379007349184,87.29485833333332,10.832168958333334,134.19536787500002
2021-09-30,0.15315625628674104,87.46751458333334,7.780572291666666,182.29601666666667
2021-10-01,0.3179438822984502,80.38024166666666,11.257113124999998,191.25199958333334
2021-10-02,0.6444802087400233,65.3740625,15.40005625,168.4113175
2021-10-03,0.788811740322653,61.32746666666667,15.889325833333332,96.96853291666667
2021-10-04,0.00827930152218569,99.29542916666666,8.002930625,63.56197125
2021-10-05,0.018851564187307303,98.51425833333333,8.673996875,57.384384374999996
2021-10-06,0.08496744576323813,91.05477083333334,5.741928125,64.36049725
2021-10-07,0.06020267422923568,94.02217708333335,5.8947947916666665,107.96457802291667
2021-10-08,0.07397438696683413,93.128925,6.7756002083333335,84.91099645833333
2021-10-09,0.026627162128489354,97.36295625000001,5.72992375,46.22065333333333
2021-10-10,0.020279034240069705,97.86913958333334,4.361815083333333,76.20513020833333
2021-10-11,0.10279390207136026,90.07544791666668,3.9215320916666667,166.68244625
2021-10-12,0.047734748267224854,94.98393750000001,4.486082708333333,64.387495
2021-10-13,0.03791692629882127,95.5105375,3.430186979166667,69.88098172916666
2021-10-14,0.12571287909337478,87.487275,3.5080228979166663,165.366234375
2021-10-15,0.2264401524051373,80.22044166666667,6.6373412499999995,136.63765874999999
2021-10-16,0.05678078106791353,94.67441874999999,5.512968541666666,158.25771583333332
2021-10-17,0.2522484084878304,79.73512083333334,7.632655625000001,159.23155895833335
2021-10-18,0.42190683355682407,66.49325208333333,9.391762708333333,152.29674104166665
2021-10-19,0.6074757422124223,58.053312500000004,11.548463750000002,70.7742279375
2021-10-20,0.5937401677665314,61.748645833333335,12.651847708333333,116.02286458333333
2021-10-21,0.3649396925717962,71.6139,10.022301041666667,114.65327583333334
2021-10-22,0.11049442375476082,88.7113125,5.182589375,24.158957083333334
2021-10-23,0.09827945173428236,88.67774791666666,3.4361464791666667,135.38003375
2021-10-24,0.3625512558397423,72.19477083333334,6.685839583333333,143.253504375
2021-10-25,0.2780208404824444,75.52573023255815,7.70539811763468,124.92409096661054
2021-10-26,0.10281435236301045,90.77232083333332,7.435632916666666,74.75670289583333
2021-10-27,0.03967927465066395,96.16008333333333,5.234724583333334,117.60842208333334
2021-10-28,0.3197152905303435,73.07292291666667,7.4301691666666665,132.29320020833333
2021-10-29,0.3394694558060963,70.135425,7.8389175,82.71106985416667
2021-10-30,0.7605908864392813,48.01190625,12.26255,43.00547208333333
2021-10-31,0.5445863764591543,63.189600000000006,12.506148958333334,121.31495645833333
2021-11-01,0.132848886469605,88.93732083333333,7.142904166666667,20.301469916666665
2021-11-02,0.061749417783517446,92.69239791666666,3.6870607083333335,65.44904104166666
2021-11-03,0.052608320111454054,93.27558125,2.938694791666667,40.26069208333333
2021-11-04,0.05856086628392745,91.63254166666667,1.6486827708333334,25.260834125
2021-11-05,0.08758980898281148,88.12453749999999,1.9289236875,56.328737499999995
2021-11-06,0.05536405831383837,92.07583333333334,0.16695900833333333,109.45802645833334
2021-11-07,0.20237907141638692,77.06127291666667,2.318220541666667,107.25788708333333
2021-11-08,0.031418645279084306,95.9065125,2.6733726458333336,62.66120354166667
2021-11-09,0.010767359643018287,98.40876458333334,0.21069070145833332,61.80380208333333
2021-11-10,0.22179481227941023,76.69484375,5.974370416666667,28.7627456875
2021-11-11,0.30668704547365766,72.50834166666667,7.266256875,100.0679628125
2021-11-12,0.22681980933683554,79.37026041666667,7.010951041666666,101.14119645833334
2021-11-13,0.08780462857689554,90.3222875,5.295050625,18.40859645833333
2021-11-14,0.02002284673386884,99.19973555555556,4.278154837984006,46.55265296361432
2021-11-15,0.0007950481307125904,99.89599583333334,2.666034375,20.256632979166667
2021-11-16,1.3563711230955131e-05,99.998,1.4434445833333334,16.606801416666666
2021-11-17,1.2888087610705387e-05,99.998,0.7275713375,18.32706895833333
2021-11-18,0.006164641935098023,99.17513958333335,1.1919825258333334,53.42812645833333
2021-11-19,0.12245274428576546,85.96188958333333,2.772891802083333,91.574168875
2021-11-20,0.2329732060783651,74.87906875,3.996405370833333,92.00356333333333
2021-11-21,0.28205511291467905,71.31335625,5.408917916666667,85.75852370833333
2021-11-22,0.0012594769379466056,99.801175,0.39871268125,10.1306975
2021-11-23,0.0016625139535297187,99.73811458333334,-0.137632318125,7.901937543749999
2021-11-24,1.160191050301733e-05,99.998,-0.7129424333333333,26.605706583333333
2021-11-25,0.016510508458635793,97.85212727272727,-0.058638428114478114,42.48659175063131
2021-11-26,0.001025646900766406,99.79321458333334,-2.4887216666666667,13.903302375
2021-11-27,0.01996142243238791,96.3594125,-1.9188207916666666,25.061634166666664
2021-11-28,0.009722362486459368,98.12839166666667,-2.530947916666667,24.44637541666667
2021-11-29,0.0023695851873793525,99.45745833333335,-3.9096308333333334,15.571527135416666
2021-11-30,0.030852463948310368,93.47934583333334,-2.541762375,18.404698333333332
2021-12-01,0.0172830758755089,97.70951,0.263132150249018,36.12765510417919
2021-12-02,0.009391459340547961,,-0.5048826768995508,35.61802897281345
2021-12-03,0.010232883257431638,,-0.5139210572306393,35.61691712832692
2021-12-04,0.012668720800467319,,-0.4868798386770478,35.61691712832692
2021-12-05,0.0449413357694519,,1.0105156206677894,35.61691712832692
2021-12-06,0.01010515501696556,,-0.7365805740565378,35.61691712832692
2021-12-07,0.008960073073858089,,-0.7400645552791808,35.5774111098084
2021-12-08,0.003146309803522603,,-1.4024007116609214,35.42868890161536
2021-12-09,0.007413476759685285,,-1.4022099803458195,38.20461383658008
2021-12-10,0.0002749783590590668,,-1.788132876294693,37.50753350941958
2021-12-11,0.0002131550606693576,,-1.4712835611772486,37.53930775184382
2021-12-12,0.00038148586130961194,,-1.1863836568462405,37.54114336632194
2021-12-13,0.023711851562563755,,0.19516218462401788,36.597557490602945
2021-12-14,0.034683260997190886,,0.6760280360813491,36.597557490602945
2021-12-15,0.08313805468580421,,1.6695014899657288,36.60348153700446
2021-12-16,3.146244263201632e-05,99.998,-2.2233663797348484,36.73479677113395
2021-12-17,0.0002975229413969251,99.93240208333333,-3.300401666666667,37.835115208333335
2021-12-18,0.00047096119342250717,99.8874875,-3.4647932083333335,67.86357797916666
2021-12-19,0.136160391369069,81.67228541666667,-0.5795577895833334,74.32412062499999
2021-12-20,0.025963411259606065,95.34016041666666,-4.358411333333334,43.37424170833333
2021-12-21,0.004576843605535786,98.90837708333333,-5.0405002083333335,34.708012770833335
2021-12-22,0.006055693727900835,98.43717708333334,-5.938867291666667,43.97034625
2021-12-23,0.3327580507934535,59.23929375,1.281113,66.66005252083333
2021-12-24,0.24411057217774113,71.51042083333333,4.621806875,22.853413125
2021-12-25,0.08692665815747337,89.68643125,4.165485625,22.116957522916668
2021-12-26,0.030931522654147444,96.45929166666667,3.4448797916666667,37.221135583333336
2021-12-27,0.05680202271595208,92.96685833333333,3.0455818541666666,36.15631020833333
2021-12-28,0.09669302611799985,88.75664791666667,4.3167052083333335,16.301340666666665
2021-12-29,0.06345887457437165,92.60261458333333,5.032082708333333,8.774630791666667
2021-12-30,0.045207964210456336,96.27505208333334,9.131421458333334,38.201794962499996
2021-12-31,0.4203616983796247,69.43522083333333,9.023862708333334,75.11772916666666
2022-01-01,0.5728484292484762,51.91274791666667,8.933102708333333,72.62749360416667
2022-01-02,0.7111361077746667,43.545177083333336,10.036788541666667,50.857930625
2022-01-03,0.2529967703489178,74.63733333333333,6.8019822916666675,22.60739902083333
2022-01-04,0.32882642914791066,72.78849791666667,8.843054166666667,35.05503041666667
2022-01-05,0.030320801578787967,99.95125,-1.1720880577230648,34.888870029838735
2022-01-06,0.033165915778960255,97.12710833333334,-2.485791232751824,40.869595738202115
2022-01-07,0.03345778196941018,91.76894642857143,-2.7465882388923966,43.65186433487654
2022-01-08,0.07719794278269702,86.64492916666667,-1.3493194375000002,39.43056
2022-01-09,0.04054792343452166,93.17673541666666,-1.0096125604166666,23.421766041666668
2022-01-10,0.006915074513151538,98.61765833333334,-2.514057708333333,67.506479375
2022-01-11,0.03655685870189706,92.63426666666668,-3.133970833333333,87.28735208333335
2022-01-12,0.030050084427545542,92.96865208333332,-6.456706041666667,86.8194325
2022-01-13,0.010726173688237306,97.16941249999999,-6.808232870931536,69.69264608066779
2022-01-14,0.12628675047104723,80.01218333333334,-0.9848033566666666,85.40478999999999
2022-01-15,0.1382187212458125,79.36297291666666,-0.06680540833333336,89.79111166666667
2022-01-16,0.24870628750772192,63.413354166666664,0.7192775391666667,87.81281812499999
2022-01-17,0.08072936846999099,87.77445833333333,0.35334557729166666,80.95084625
2022-01-18,0.04940178079789093,91.53066875,-1.7437338029166665,90.900161875
2022-01-19,0.0524877510957023,92.72370833333333,-1.5646861041666666,84.02242770833332
2022-01-20,0.018890580303550328,96.34980416666667,-2.2078266666666666,12.035110645833333
2022-01-21,0.05478443962662167,87.44965,-4.695724791666667,85.490023125
2022-01-22,0.09122645177295524,81.705925,-3.1274806666666666,64.9341044375
2022-01-23,0.04386781691384528,91.72023125,-3.2440576645833334,99.27521145833333
2022-01-24,0.0029436580951491507,99.34732916666667,-3.737896458333333,61.100551875
2022-01-25,0.3171293945499915,59.522670833333336,1.6592152916666667,100.95757610416666
2022-01-26,0.33424945510776854,53.35794166666667,1.3680512916666665,105.08101708333334
2022-01-27,0.3802079090860447,48.45520833333333,1.7321018708333333,88.40314958333333
2022-01-28,0.05664380487120591,91.20485000000001,-0.4237296104166666,96.15029145833334
2022-01-29,0.31582933549209746,57.564760416666665,1.875523125,100.49766041666668
2022-01-30,0.06273080841833831,91.63927916666667,2.0297706562499997,50.01584666666667
2022-01-31,0.020936849942936583,96.56939791666667,-1.0977799333333333,17.851680833333333
2022-02-01,0.014675898095747692,97.1832375,-2.374325145833333,29.092257997916665
2022-02-02,0.003123712346955966,99.53086458333333,1.6934639999999999,9.4404473125
2022-02-03,0.13229870153822773,86.13660208333334,4.00768508125,82.31616395833333
2022-02-04,0.10550092960650044,86.5268875,2.6502854166666667,105.00647422916667
2022-02-05,0.0689898849268185,89.75032916666667,0.007681816666666674,99.08972495833332
2022-02-06,0.12860958906613038,80.0365625,0.3609321875,64.5954401875
2022-02-07,0.12565815300668115,79.37332083333332,0.021292536875,83.32648770833333
2022-02-08,0.3677984508491185,51.80949375,1.3244466666666668,124.09175279166668
2022-02-09,0.45346434905745453,49.90945416666667,4.691704504166666,132.834533875
2022-02-10,0.4167022330523033,55.33104375,5.834007708333334,128.35286852083334
2022-02-11,0.06762924941678539,90.82496829268293,-0.0791001850729517,128.52136773400673
2022-02-12,0.08776237125451186,83.76525416666667,-3.4665183749999997,138.414876875
2022-02-13,0.338990412347933,56.77925833333333,1.8527360208333334,141.10941252083333
2022-02-14,0.3057783548870219,60.9915375,2.649609895833333,89.11931875
2022-02-15,0.03528015302157434,94.33089166666667,0.3001567316666666,33.90871125
2022-02-16,0.10140257533086912,85.58643124999999,2.23810630625,29.55794416666667
2022-02-17,0.19045687566801542,81.57408124999999,7.4040670833333335,31.71249895833333
2022-02-18,0.4219176089434611,63.54004791666667,7.9233975,64.35200645833334
2022-02-19,0.10966913025303208,84.32041914893617,1.4102299827626463,74.93863895833333
2022-02-20,0.21909405866969803,72.08333958333334,3.1125359083333333,89.57281291666668
2022-02-21,0.1292436165636883,83.57903958333334,1.7332537875,32.363448749999996
2022-02-22,0.09312704169827168,87.85908333333333,1.8082494885416667,64.6924270625
2022-02-23,0.0984302197982647,88.4191125,3.9466708333333336,84.90731125
2022-02-24,0.25892741698065397,71.17686041666667,5.02290625,113.48747270833333
2022-02-25,0.09774397129288907,84.13000625,-0.8810178083333334,118.78852145833334
2022-02-26,0.0905509464974535,84.31772083333333,-1.6908742291666667,182.24906479166668
2022-02-27,0.12622693141064442,77.17826041666667,-3.0361129291666664,178.661865625
2022-02-28,0.18763628728726522,70.90067916666666,-0.8276244416666666,175.32774291666666
2022-03-01,0.22229328010444802,66.06657291666666,-0.09682707500000003,180.26096989583334
2022-03-02,0.3333103355942297,55.331525,2.2527858750000003,154.37116222916666
2022-03-03,0.3505467777160048,59.196068749999995,3.9561837291666664,179.65085125
2022-03-04,0.26229596760445145,61.008060416666666,0.8074169077083333,191.1040025
2022-03-05,0.18457179950326816,66.87248958333333,-1.8312425395833334,187.19891166666665
2022-03-06,0.11054915030963101,78.68661458333334,-3.0293040395833333,176.14274375
2022-03-07,0.09144859911591086,81.99230208333334,-3.273717229166667,148.26335479166667
2022-03-08,0.11524286462408119,81.22583958333333,-2.4102023020833334,184.56185870833335
2022-03-09,0.3069998057979634,60.06657916666666,2.429950775,193.5155714583333
2022-03-10,0.3534499081113985,58.36329375,3.650995625,202.57137208333333
2022-03-11,0.5360970619030048,45.779487499999995,5.754556458333333,173.75473812500002
2022-03-12,0.5242451628445572,46.26863541666666,6.074022083333333,175.31860270833332
2022-03-13,0.6897816094064297,37.69505833333333,8.107234791666666,200.88341541666668
2022-03-14,0.256551116687137,74.960425,5.8315368125,205.95910166666667
2022-03-15,0.29772056092282134,71.50326875,7.003543541666667,41.03478852083334
2022-03-16,0.3067555903374541,75.03230625,9.112083333333333,131.9975175
2022-03-17,0.1583854239620027,86.26246458333333,7.856837708333334,149.72033854166668
2022-03-18,0.054667958056753,93.57971458333333,3.679106458333333,33.377791875
2022-03-19,0.14966184661416057,81.7673125,3.5467835416666667,102.12226708333333
2022-03-20,0.5955688599126067,43.19716041666666,6.861256666666667,217.68128325
2022-03-21,0.4712177738086208,52.687625,5.825650166666667,202.8906607708333
2022-03-22,0.5967188369917026,40.62521666666667,6.816227291666666,229.72187354166667
2022-03-23,0.5490997660129894,48.23167708333333,7.072730833333334,234.29062441666667
2022-03-24,0.5755100303043058,50.34678125,8.02520875,235.25005020833336
2022-03-25,0.5684837717495068,52.380066666666664,8.574227916666667,229.68294625
2022-03-26,0.5812343922691422,53.742866666666664,9.018852916666667,235.0761891666667
2022-03-27,0.6554556342868635,46.70413541666667,9.023938333333334,242.73387458333332
2022-03-28,0.7334579339295065,43.201760416666666,9.765715416666668,234.4704815625
2022-03-29,0.6785710026045493,46.41994583333334,10.150142916666667,163.04571562499999
2022-03-30,0.165207285063739,84.19371666666667,6.313150833333334,91.42577354166667
2022-03-31,0.014788354693719792,98.53935434782609,3.185638656540404,53.0098616875
2022-04-01,0.05359026622781265,99.998,-0.034430487487373866,71.8215128079766
2022-04-02,0.004217592269676092,99.23247804878048,-4.098934499017957,88.87327333333333
2022-04-03,0.01303084378714553,97.28537083333333,-4.0044868750000004,131.44453666666666
2022-04-04,0.08699329181410094,86.92758541666666,-0.7415259354166667,253.87895625
2022-04-05,0.14308968669680502,82.59965208333334,3.5147625625,110.25123833333333
2022-04-06,0.19926625652190347,82.323525,6.965402916666666,202.55937291666666
2022-04-07,0.23837309379621682,77.48302083333333,6.966166458333333,70.10873291666667
2022-04-08,0.3454064685546045,70.75925,8.618160416666667,88.36723095833334
2022-04-09,0.07293789854025076,90.16990833333334,0.5523889291666667,144.69660620833335
2022-04-10,0.1797161333500942,77.90613125,1.7849952291666666,257.3164679375
2022-04-11,0.3904036981262286,63.42698541666667,6.1482724,260.9516291666667
2022-04-12,0.6335877103568057,55.99348333333333,11.422882708333333,226.19081500000001
2022-04-13,0.6428003177762646,58.193272916666665,12.836982291666667,265.6376608333333
2022-04-14,0.47370126070264734,70.57596458333333,13.165773958333332,272.2245586041667
2022-04-15,0.21612243368062387,85.36885833333334,11.692644375,177.83732729166664
2022-04-16,0.19510342496051217,81.26780000000001,6.9390422916666665,274.69481145833333
2022-04-17,0.29887504921065383,69.69136458333334,5.272031895833334,301.1635122916667
2022-04-18,0.3745354463960749,65.0121,5.991088708333333,304.5111166666667
2022-04-19,0.5615912776110337,54.021004166666664,8.766166666666667,290.99890791666667
2022-04-20,0.36102380683559976,67.20921666666666,7.781108541666666,293.9309772916667
2022-04-21,0.3599714020315878,68.83490208333333,7.622893875,299.57275375
2022-04-22,0.25574999945433174,78.05803333333334,7.425957291666666,263.8112591666667
2022-04-23,0.26882373334918824,78.49662708333334,9.109420833333333,161.3277975
2022-04-24,0.081993653009952,91.34539166666667,5.274021666666667,98.10219593750001
2022-04-25,0.053957438251756966,94.69896666666666,6.106695833333333,111.99167972916666
2022-04-26,0.11386497129994579,88.87679791666666,5.443694008333334,151.75677722916666
2022-04-27,0.19467563515716058,83.48517916666667,7.260562916666667,304.06464354166667
2022-04-28,0.3047288346799744,76.65550416666666,8.646585208333333,324.04716666666667
2022-04-29,0.4113195883381584,69.86067916666667,10.084457083333334,295.67409833333335
2022-04-30,0.1457571316819589,87.87454791666666,7.234313541666666,167.750073125
2022-05-01,0.14096028982275857,87.59339375,6.864969583333333,179.891168125
2022-05-02,0.3474762937984351,73.84114375,8.994596875000001,320.87443564583333
2022-05-03,0.3097416968640708,75.89799166666667,9.743051666666666,179.82868620833332
2022-05-04,0.30812049399421665,77.33535208333333,10.103970625,189.52095666666665
2022-05-05,0.031343465573505314,97.11659791666666,7.633649375,54.19714839583333
2022-05-06,0.004875189780728877,99.57733125,7.8165281250000005,85.52653364583334
2022-05-07,0.07933578651494554,93.82662083333334,9.269354166666666,137.38453083333334
2022-05-08,0.11782412461407543,91.44477708333334,10.131419375,158.50324083333334
2022-05-09,0.2006875393818123,88.27311458333334,11.861818958333332,230.92704700000002
2022-05-10,0.49649251557433577,73.83283541666667,14.379045416666665,312.865875625
2022-05-11,0.9809805470615777,56.04286875,18.20123333333333,331.2976908333333
2022-05-12,0.6680724474659101,68.390325,16.6099125,284.9964954375
2022-05-13,0.21235329993871307,87.51787916666666,14.251197916666667,175.199386875
2022-05-14,0.35098899357576735,81.86773125,15.009612500000001,265.68584104166666
2022-05-15,0.5640058784989656,73.76952916666666,16.599486458333335,326.8720852083333
2022-05-16,0.47906416591700746,74.83761666666668,16.069647916666668,230.52967312500002
2022-05-17,0.5344960981737903,74.52733125,15.925440416666667,314.55952770833335
2022-05-18,0.7308874788346481,67.82480625000001,17.775650000000002,341.8651822916667
2022-05-19,0.8358083264934971,63.98566875,19.415633333333332,220.86334937499998
2022-05-20,1.2216269437364842,54.840568749999996,21.274364583333334,326.89696895833333
2022-05-21,0.27369495845770986,86.27237916666667,16.046443749999998,236.99123083333333
2022-05-22,0.31691287106534854,86.24292291666666,16.80565,245.63108666666668
2022-05-23,0.32766832362189563,84.63834791666666,16.37334375,191.430326480625
2022-05-24,0.05351576253687903,95.80236041666666,10.116449791666666,78.78534708333333
2022-05-25,0.30827095780991604,80.89842708333333,11.574541666666667,219.51307625
2022-05-26,0.3691008503535506,76.72767291666666,12.603633541666667,289.7443253541667
2022-05-27,0.32580281003349787,81.14931875,13.273762499999998,347.12945364583334
2022-05-28,0.2890416404677409,78.88613124999999,10.7679525,182.8999397916667
2022-05-29,0.2810095292621804,75.68232916666666,8.371505208333334,227.7451823125
2022-05-30,0.4098338548567513,70.12718333333333,9.828398333333334,330.11391145833335
2022-05-31,0.36132997657158245,76.39493125,11.879040625,168.48297958333333
2022-06-01,0.19080541892112066,88.1978875,12.450585625,155.85228804166667
2022-06-02,0.20070489520826226,90.21580833333333,14.721995833333333,247.8408987291667
2022-06-03,0.3594567012457645,84.15314583333334,16.368229166666666,196.283658125
2022-06-04,0.5290758405557551,78.20163958333333,18.561622916666668,339.1399465
2022-06-05,0.25477497977380303,86.39587291666668,15.432402083333335,125.850023125
2022-06-06,0.27320279711740925,85.75302083333334,15.009795833333333,227.37888999999998
2022-06-07,0.10040221234620345,93.80441458333333,12.217389375000002,151.36369479166666
2022-06-08,0.19827532072983,87.89111874999999,12.151653541666667,218.27264166666666
2022-06-09,0.13683246131262847,89.48475,9.710109375,154.22183847916668
2022-06-10,0.3194111062254344,81.33346041666667,12.141904375000001,315.48846291666666
2022-06-11,0.6308657464036626,70.374475,15.598177708333333,375.44326006250003
2022-06-12,1.1286146974023072,55.98589166666667,19.352175,360.74308708333336
2022-06-13,0.4028952281115074,79.03577291666666,15.506118749999999,206.0390175
2022-06-14,0.5919908221590954,71.67676875,16.159769999999998,368.42179000000004
2022-06-15,1.034737438907266,61.39524375,20.904616666666666,314.65478666666667
2022-06-16,0.9325263883856842,63.561595833333335,20.656866666666666,238.52425437500003
2022-06-17,0.9673102222183761,60.96504375,19.537120833333333,357.67699354166666
2022-06-18,1.417538362501376,52.31296666666666,22.447641666666666,354.8455129166667
2022-06-19,1.8795674969408989,45.885,26.086870833333332,347.11940875
2022-06-20,1.2606930277059296,56.38028958333334,22.696316666666664,347.43688833333334
2022-06-21,0.704232375647436,75.52108541666666,20.075579166666667,298.38706375
2022-06-22,0.2059594923266241,89.64148125000001,16.909014583333335,160.63934316666666
2022-06-23,0.5095489504769467,78.65916041666667,18.0049375,321.50167985625
2022-06-24,0.17629697248628254,89.8947375,13.977924999999999,80.71848916666667
2022-06-25,0.5037359806677513,76.069175,16.414039374999998,364.12121479166666
2022-06-26,0.5969034925730387,78.28809791666667,18.886808333333335,315.65363916666666
2022-06-27,0.13445804923074892,92.55181875,14.740331041666666,98.16510166666666
2022-06-28,0.04518069446047059,97.25703958333334,13.321352083333332,89.853163125
2022-06-29,0.39102400130267606,82.56361458333333,16.87428125,327.498935625
2022-06-30,0.39771415208606525,83.37558125,18.004972916666667,216.79801607291665
2022-07-01,0.05981145893428633,96.12106875,11.147046458333334,117.13135333333334
2022-07-02,0.37785253371661637,82.65039791666668,15.564016458333333,370.434706875
2022-07-03,1.0624684668633433,59.52257916666667,20.726679166666667,342.492973125
2022-07-04,0.20617496101582886,89.74447291666667,16.5324375,182.67246624999999
2022-07-05,0.46107511047124733,78.78197083333333,17.023252083333333,251.47755458333333
2022-07-06,0.527649211897162,73.83145,16.274208333333334,347.193605
2022-07-07,0.42778277583849594,75.57144375,14.646700000000001,230.68478354166666
2022-07-08,0.4752041481585751,73.52011875000001,14.473097916666667,341.26744875
2022-07-09,0.5961893277102417,68.79434375,15.316773958333334,360.9735475
2022-07-10,0.5087059184167481,73.90480416666666,16.000233333333334,316.8377135416667
2022-07-11,0.451978508441265,76.17698541666667,14.853613125,363.1698733333333
2022-07-12,0.6591542719187969,69.13405833333333,16.510402083333332,365.69251583333335
2022-07-13,1.1002213112410677,55.88388750000001,19.471260416666667,352.53814354166667
2022-07-14,1.4664002649535026,50.250756249999995,22.904495833333332,339.6060116666667
2022-07-15,0.7871685652613006,66.347425,18.952666666666666,315.0933289583333
2022-07-16,0.7784489910628237,64.83997916666667,17.68209375,349.3316791666667
2022-07-17,0.9080914419664609,60.64609166666667,18.56735,354.43480791666667
2022-07-18,1.254484785602346,55.186493750000004,21.107433333333333,350.89486854166665
2022-07-19,1.5396472342826844,50.5689125,23.2213375,339.26065354166667
2022-07-20,1.019642671908034,66.70216875,22.04618333333333,240.67394312500002
2022-07-21,0.3812255956817212,84.49569375,18.612381250000002,222.39458945208332
2022-07-22,0.8496650325421968,71.20067916666666,21.384014583333336,333.5218196458333
2022-07-23,0.38964797170328785,83.85915,18.76107083333333,206.7239862708333
2022-07-24,0.5571554870944323,79.72914375,20.29789166666667,335.7591614583333
2022-07-25,1.1990989866147161,62.10161458333334,23.37305625,304.9025066666666
2022-07-26,0.31242469056949546,85.09640416666666,16.908054166666666,184.63283466666667
2022-07-27,0.48342007828869993,75.9308125,16.280089583333332,233.63136979166666
2022-07-28,0.49219665978275423,78.79859583333334,17.4109,283.2677952916667
2022-07-29,0.29190111165392946,84.62612291666666,15.686412500000001,102.72229625
2022-07-30,0.6470338078570951,69.48976041666667,17.455366666666666,296.4790804166667
2022-07-31,1.0028994242106084,59.534662499999996,19.879964583333333,323.9580197916667
2022-08-01,0.9569701401634462,63.457868749999996,20.32429375,314.80604958333333
2022-08-02,0.5620674927761127,78.23932916666666,18.463022916666667,319.54203479166665
2022-08-03,1.0125996480067097,65.79290833333333,21.5718375,318.863404375
2022-08-04,1.521523191005013,55.18300416666667,24.47077916666667,311.6318279166667
2022-08-05,0.8930051297611364,69.44272291666667,21.528620833333335,224.94305175
2022-08-06,0.007323432389760139,99.55961666666667,14.310329166666667,56.96140354166667
2022-08-07,0.04578614246893648,97.32287500000001,14.270295833333334,60.71214166666667
2022-08-08,0.4022819878388771,81.951825,16.760058333333333,279.2120575
2022-08-09,0.7130533368466269,69.16773541666667,17.95733125,320.8119041666667
2022-08-10,0.7158290900186578,67.88297291666667,17.642064583333333,309.8322729166667
2022-08-11,0.7544541796286349,67.88976875,18.2592375,307.36495020833337
2022-08-12,0.8475013045074947,62.140187499999996,17.85920833333333,318.54945895833333
2022-08-13,0.8721209322984055,59.78459375,17.10215625,317.11425175
2022-08-14,0.820060039368888,62.67075833333333,17.904335416666665,213.57481045833333
2022-08-15,0.29944637846389494,86.19133749999999,15.3806,196.36230208333333
2022-08-16,0.7315015350857608,70.10075625,17.880789583333335,285.85034583333334
2022-08-17,0.6577016403033673,72.16258125,18.760966666666665,217.06086354166666
2022-08-18,0.05943930060709041,96.61573958333334,13.794916666666666,68.61391270833333
2022-08-19,0.017519038473817552,98.88364374999999,13.318031249999999,17.7577385625
2022-08-20,0.11587107579314615,93.77079166666665,14.725277083333333,142.40689160416667
2022-08-21,0.27037602520310516,86.89125,15.354358333333332,251.19358833333334
2022-08-22,0.5731229456373986,72.73417083333334,16.50424375,296.96682979166667
2022-08-23,0.7979773009111395,62.891175000000004,17.01940625,291.9141554166667
2022-08-24,0.7327207677900422,64.81844166666666,17.012341666666668,277.44792729166664
2022-08-25,0.7017495427344796,70.68301666666666,18.2528625,278.1377244875
2022-08-26,0.5717328825308048,76.45775208333333,18.414070833333334,208.75743425
2022-08-27,0.14985985832165727,92.57622291666667,15.421947916666667,178.57733583333334
2022-08-28,0.18753299933660247,90.86478749999999,15.484610416666667,175.35076812499997
2022-08-29,0.32040677799642237,86.70425625,17.18059166666667,257.4925204979167
2022-08-30,0.3662940769491642,84.30386666666666,17.306627083333336,214.33165485416666
2022-08-31,0.03765034953211169,97.61282083333333,13.267922916666668,65.361614
2022-09-01,0.136304633515592,92.0659625,12.769224375,179.46968812499998
2022-09-02,0.23754683892115147,88.87428333333334,14.037423124999998,223.67180958333333
2022-09-03,0.18453636609374746,90.19275,14.05174375,165.640384625
2022-09-04,0.38171247858164853,81.98833333333333,16.06807291666667,210.11798624999997
2022-09-05,0.49748460988533516,76.90460208333333,17.691583333333334,192.88619983333334
2022-09-06,0.36354887976904554,82.87828958333334,17.7858,162.10467964583333
2022-09-07,0.3064166549427149,86.78733749999999,16.679320833333332,163.56983197291666
2022-09-08,0.29746478048543334,83.48815208333333,14.423387499999999,192.30064625
2022-09-09,0.3026874562616654,80.89770833333334,13.301502083333332,142.46414208333334
2022-09-10,0.23846136913994162,83.40906875,11.920029166666666,111.74937562500001
2022-09-11,0.29522725045672055,81.87883541666666,12.692156875,215.63018029166668
2022-09-12,0.4217690224174651,78.81380416666666,14.207270416666667,238.32349166666665
2022-09-13,0.6664088393348108,70.34420833333333,18.3793875,188.85633958333332
2022-09-14,0.3920000030696537,81.3774125,17.630866666666666,83.62135041666666
2022-09-15,0.08032127942410906,94.94532916666667,13.343047916666668,59.07288104166667
2022-09-16,0.0616767648075582,95.3649125,10.410693541666665,70.15193458333333
2022-09-17,0.06424385222672993,93.31667916666667,5.7315675,80.739543125
2022-09-18,0.228272668366303,80.37161041666667,7.8857800000000005,199.34297958333332
2022-09-19,0.21818182292141453,80.18477291666666,7.815168750000001,149.408834375
2022-09-20,0.2131626904743937,81.30814583333334,7.202201666666666,195.31424229166666
2022-09-21,0.20241389882050867,81.98828125,7.133325625,198.62895958333334
2022-09-22,0.1550407881753536,88.70560833333333,7.803743541666667,218.076083125
2022-09-23,0.33050818365616236,78.57744583333333,11.37373125,180.6845111875
2022-09-24,0.05877619740548567,95.51542708333334,9.930954791666666,47.8854625625
2022-09-25,0.0024030637586744193,99.77913958333333,7.875563958333333,38.051252625
2022-09-26,0.15464320136845358,86.76846458333334,8.164525208333332,107.93850216666668
2022-09-27,0.10587920971321439,89.25694791666666,6.252872291666667,52.20956329166666
2022-09-28,0.017853602510751698,98.07624166666666,5.501604791666666,28.186174708333336
2022-09-29,0.014978056747333086,98.51422708333332,5.679416875,62.847045208333334
2022-09-30,0.023687989755624705,97.72429375,6.157138958333333,53.9236575
2022-10-01,0.021554866606423112,97.87679375,7.553342708333333,22.91234625
2022-10-02,0.16805344937909736,89.04768333333334,12.677429166666668,86.7096625
2022-10-03,0.010474996467512878,99.17201041666668,9.211075625,70.62983541666667
2022-10-04,0.17694992825427838,88.00891666666666,9.896088541666666,151.02310145833334
2022-10-05,0.7524159901147446,58.44817708333333,14.430582291666667,185.35711875
2022-10-06,0.25388753333096375,83.69212083333333,12.947342083333332,155.31140625
2022-10-07,0.14926801308027318,91.23463958333333,12.309539583333333,131.2983979166667
2022-10-08,0.12713211028994423,91.05859166666666,11.400637916666668,36.412013333333334
2022-10-09,0.02171984419445259,98.04050625,8.200755208333334,45.914714374999996
2022-10-10,0.18335285032264137,88.9687,11.689615208333334,105.33452270833334
2022-10-11,0.10587068307346736,92.93965416666667,11.75856875,146.98113458333333
2022-10-12,0.023552080501301028,98.31768333333333,10.049722708333332,88.32598250000001
2022-10-13,0.07937233423511973,94.66940833333332,10.381278958333333,104.72866166666667
2022-10-14,0.0755115445352169,94.84235000000001,10.820526666666666,71.30369145833333
2022-10-15,0.2585971280735873,83.86022708333333,13.460445833333333,80.91381125
2022-10-16,0.33925807558260074,80.46504583333333,13.546508541666666,127.41779187499999
2022-10-17,0.48157957028576875,71.54603541666667,13.844004791666668,154.44506208333334
2022-10-18,0.3815388552935209,78.65285208333333,14.559329166666666,131.18414270833333
2022-10-19,0.13652303502655708,91.50967083333335,11.862508541666665,149.47352750000002
2022-10-20,0.3486012125921571,79.89284375,13.474160416666665,65.79349645833334
2022-10-21,0.13131255471445522,92.10162083333334,12.282570833333333,31.250557083333334
2022-10-22,0.20424607225872707,86.81428749999999,11.780236458333334,139.67707304166666
2022-10-23,0.6423836552848555,65.40023541666666,15.163054166666667,99.39456
2022-10-24,0.17999726662035273,87.06108958333334,11.359644583333333,21.564978125
2022-10-25,0.2088853327132867,86.03441249999999,11.407802083333335,130.98720645833333
2022-10-26,0.30248594472950435,81.57642708333333,12.814457291666665,110.60104620833333
2022-10-27,0.5825395935281477,66.70944791666666,14.182371041666668,128.66910908333332
2022-10-28,0.717606915341845,61.08337872340425,15.886140361952862,93.19390484497755
2022-10-29,0.8466181089238725,57.165812499999994,16.532545833333334,109.50220166666666
2022-10-30,0.6751275200760222,60.39177708333333,14.543104166666666,93.7508405
2022-10-31,0.5349443041494849,67.65303958333332,13.346755208333333,102.05182041666667
2022-11-01,0.1889445995731183,86.31615416666666,11.069334166666666,64.99800672916668
2022-11-02,0.08991253257777282,92.42756250000001,8.358248125000001,50.35547333333333
2022-11-03,0.15515473784088926,87.72544583333332,7.785384583333333,62.276681249999996
2022-11-04,0.11266640942992094,87.79197708333334,4.864895208333333,72.1239475
2022-11-05,0.006111497235181399,99.20845208333333,2.332092425,26.645791250000002
2022-11-06,0.1567193939816863,84.20469375,3.479961772916667,90.91875458333334
2022-11-07,0.3025242364276674,73.21281666666667,7.820863958333334,108.14165750000001
2022-11-08,0.4315156344439284,63.863820833333335,8.531190416666666,97.77330014583333
2022-11-09,0.17520321803823138,84.37228333333333,8.208595833333334,25.133538125
2022-11-10,0.03391021868181627,97.02537291666665,7.114526666666666,73.32844583333333
2022-11-11,0.09738269702836148,90.69860208333334,6.595665625,85.54923583333334
2022-11-12,0.28354236909733715,75.49184583333333,8.01034125,87.77910479166667
2022-11-13,0.02195747493696096,97.31962916666667,3.4069175,47.867001458333334
2022-11-14,0.22691675646699438,77.74031666666667,6.631097291666666,21.33312875
2022-11-15,0.2195500404772118,79.73300208333333,7.221485833333333,44.4210275
2022-11-16,0.06940722655668623,93.17121250000001,6.040651874999999,75.966613125
2022-11-17,0.16251348820274372,85.28225416666668,7.183965833333333,63.09275208333333
2022-11-18,0.04424696960927607,94.42677083333332,3.6849845833333332,14.382349374999999
2022-11-19,0.05224680359976866,93.32054166666667,2.5616926041666668,59.042216270833336
2022-11-20,0.0541692677337089,92.68737291666667,1.739886125,47.284248125000005
2022-11-21,0.12509614245197562,84.23387916666667,3.110699375,67.12041120833334
2022-11-22,0.0661190543776538,90.96128750000001,2.2011979375,28.709315875
2022-11-23,0.09083741207283175,88.37956458333333,1.8386062916666666,81.95442879166667
2022-11-24,0.07861661446083519,89.94284375000001,3.077099670833334,34.44334130208333
2022-11-25,0.12028746679872071,85.60008125,3.701883958333333,27.81736852083333
2022-11-26,0.025631939636181003,96.79335833333334,1.7881488208333334,69.799135075
2022-11-27,0.2501096872069455,69.96081666666667,2.2513552375,67.93635776041667
2022-11-28,0.30372335528078503,65.44190208333333,4.799062916666666,33.31088097916667
2022-11-29,0.0002663137762064321,99.96325,2.0515429166666665,16.856651604166668
2022-11-30,1.2826782777736553e-05,99.998,0.6477664883333333,8.619973770833333
2022-12-01,1.12598359301736e-05,99.998,-1.1122219791666665,8.780761354166666
2022-12-02,1.1063530308485446e-05,99.998,-1.3688988541666667,30.559578125
2022-12-03,1.0720629525897378e-05,99.99797708333334,-1.9340266666666668,14.263012333333334
2022-12-04,8.625896908463154e-05,99.998,-0.7766600602202582,16.500162419121775
2022-12-05,0.010619480095411861,98.28715833333332,-0.33364075,25.53372883333333
2022-12-06,0.029981756279993315,95.39041041666667,-1.9086553333333331,77.50296875
2022-12-07,1.0743771818987222e-05,99.998,-1.7530520833333334,7.0166006874999995
2022-12-08,0.002253915557079995,99.57552500000001,-2.3247754583333333,59.714234375
2022-12-09,0.0064187547762258705,98.8427125,-1.4149530416666665,21.388683125
2022-12-10,0.0002106195485876934,99.95244791666666,-3.0551460416666667,17.2677901875
2022-12-11,0.007301201383438346,97.91455416666668,-7.058393124999999,64.72459162916667
2022-12-12,0.007628567650356077,97.76719696969697,-7.737380166070426,40.130565063482045
2022-12-13,0.005737251328338834,98.53760750000001,-6.652039786861672,33.953752671857465
2022-12-14,0.029825662210769713,96.46221041666666,1.4009960416666667,39.81477125
2022-12-15,0.03621110276208673,95.51007916666667,1.7483168077083333,30.82637625
2022-12-16,0.0008752117771655444,99.79307916666666,-3.2344575,18.0100016875
2022-12-17,0.002340761501440275,99.45508124999999,-4.6478568749999996,31.718196375
2022-12-18,0.001506349407324421,99.65632916666668,-3.808475833333333,63.468970875
2022-12-19,0.22345551891966475,73.68230208333334,2.900854914583333,46.8310679
2022-12-20,0.33055751373981784,65.12576041666667,5.921462916666666,34.094798179375
2022-12-21,0.11775577443141565,87.94091250000001,5.565885625,10.659894417291666
2022-12-22,0.22006545794649343,78.54674583333333,6.878697291666666,32.9169865
2022-12-23,0.10036393230733305,90.93487083333333,8.296036041666666,5.9648353541666665
2022-12-24,0.007093812097747446,99.24114583333333,5.0688525,13.690779166666667
2022-12-25,0.14507886948318968,87.43351458333332,7.355471458333334,67.61669889583332
2022-12-26,0.1841858503579866,82.42336875,6.745250416666667,27.09054104166667
2022-12-27,0.023257934113362314,96.81895833333334,2.2245567708333334,37.94400029166666
2022-12-28,0.2874552270613663,67.47377708333333,3.9198593208333334,71.00678833333333
2022-12-29,0.31054825135847586,66.92265416666667,5.652172708333333,35.264744020833334
2022-12-30,0.07540783342930572,92.37028541666666,4.186683666666666,39.67940517708333
2022-12-31,0.391500700923989,70.07591041666667,10.690911458333332,49.043582020833334
