TIMESTAMP_START,TIMESTAMP_END,DOY_START,DOY_END,FILENAME_HF,SW_IN_POT,NIGHT,EXPECT_NR,FILE_NR,CUSTOM_FILTER_NR,WD_FILTER_NR,SONIC_NR,T_SONIC_NR,CO2_NR,H2O_NR,CH4_NR,NONE_NR,TAU_NR,H_NR,FC_NR,LE_NR,FCH4_NR,FNONE_NR,TAU,H,LE,ET,FC,FH2O,FCH4,FNONE,TAU_RANDUNC_HF,H_RANDUNC_HF,LE_RANDUNC_HF,ET_RANDUNC_HF,FC_RANDUNC_HF,FH2O_RANDUNC_HF,FCH4_RANDUNC_HF,FNONE_RANDUNC_HF,SH_SINGLE,SLE_SINGLE,SET_SINGLE,SC_SINGLE,SH2O_SINGLE,SCH4_SINGLE,SNONE_SINGLE,FC_VADV,FH2O_VADV,FCH4_VADV,FNONE_VADV,U_UNROT,V_UNROT,W_UNROT,U,V,W,WS,WS_MAX,WD,WD_SIGMA,USTAR,TKE,MO_LENGTH,ZL,BOWEN,TSTAR,T_SONIC,TA_EP,PA_EP,RH_EP,AIR_MV,AIR_DENSITY,AIR_RHO_CP,AIR_CP,VAPOR_DENSITY,VAPOR_PARTIAL_PRESSURE,VAPOR_PARTIAL_PRESSURE_SAT,SPECIFIC_HUMIDITY,VPD_EP,TDEW,DRYAIR_PARTIAL_PRESSURE,DRYAIR_DENSITY,DRYAIR_MV,SPECIFIC_HEAT_EVAP,VAPOR_DRYAIR_RATIO,CO2_MEAS_TYPE,CO2_MOLAR_DENSITY,CO2_MIXING_RATIO,CO2,H2O_MEAS_TYPE,H2O_MOLAR_DENSITY,H2O_MIXING_RATIO,H2O,CH4_MEAS_TYPE,CH4_MOLAR_DENSITY,CH4_MIXING_RATIO,CH4,NONE_MEAS_TYPE,NONE_MOLAR_DENSITY,NONE_MIXING_RATIO,NONE,CO2_TLAG_ACTUAL,CO2_TLAG_USED,CO2_TLAG_NOMINAL,CO2_TLAG_MIN,CO2_TLAG_MAX,H2O_TLAG_ACTUAL,H2O_TLAG_USED,H2O_TLAG_NOMINAL,H2O_TLAG_MIN,H2O_TLAG_MAX,CH4_TLAG_ACTUAL,CH4_TLAG_USED,CH4_TLAG_NOMINAL,CH4_TLAG_MIN,CH4_TLAG_MAX,NONE_TLAG_ACTUAL,NONE_TLAG_USED,NONE_TLAG_NOMINAL,NONE_TLAG_MIN,NONE_TLAG_MAX,U_MEDIAN,V_MEDIAN,W_MEDIAN,T_SONIC_MEDIAN,CO2_MEAS_MEDIAN,H2O_MEAS_MEDIAN,CH4_MEAS_MEDIAN,NONE_MEAS_MEDIAN,U_P25,V_P25,W_P25,T_SONIC_P25,CO2_MEAS_P25,H2O_MEAS_P25,CH4_MEAS_P25,NONE_MEAS_P25,U_P75,V_P75,W_P75,T_SONIC_P75,CO2_MEAS_P75,H2O_MEAS_P75,CH4_MEAS_P75,NONE_MEAS_P75,U_SIGMA,V_SIGMA,W_SIGMA,T_SONIC_SIGMA,CO2_MEAS_SIGMA,H2O_MEAS_SIGMA,CH4_MEAS_SIGMA,NONE_MEAS_SIGMA,U_SKW,V_SKW,W_SKW,T_SONIC_SKW,CO2_MEAS_SKW,H2O_MEAS_SKW,CH4_MEAS_SKW,NONE_MEAS_SKW,U_KUR,V_KUR,W_KUR,T_SONIC_KUR,CO2_MEAS_KUR,H2O_MEAS_KUR,CH4_MEAS_KUR,NONE_MEAS_KUR,W_U_COV,W_T_SONIC_COV,W_CO2_MEAS_COV,W_H2O_MEAS_COV,W_CH4_MEAS_COV,W_NONE_MEAS_COV,CO2_MEAS_H2O_MEAS_COV,CO2_MEAS_CH4_MEAS_COV,CO2_MEAS_NONE_MEAS_COV,H2O_MEAS_CH4_MEAS_COV,H2O_MEAS_NONE_MEAS_COV,CH4_MEAS_NONE_MEAS_COV,FETCH_MAX,FETCH_OFFSET,FETCH_10,FETCH_30,FETCH_50,FETCH_70,FETCH_80,FETCH_90,USTAR_UNCORR,MO_LENGTH_UNCORR,ZL_UNCORR,TAU_UNCORR,H_UNCORR,LE_UNCORR,ET_UNCORR,FC_UNCORR,FH2O_UNCORR,FCH4_UNCORR,FNONE_UNCORR,TAU_STAGE1,H_STAGE1,LE_STAGE1,ET_STAGE1,FC_STAGE1,FH2O_STAGE1,FCH4_STAGE1,FNONE_STAGE1,TAU_STAGE2,H_STAGE2,LE_STAGE2,ET_STAGE2,FC_STAGE2,FH2O_STAGE2,FCH4_STAGE2,FNONE_STAGE2,T_CELL,PA_CELL,MV_AIR_CELL_CO2,MV_AIR_CELL_H2O,MV_AIR_CELL_CH4,MV_AIR_CELL_NONE,FH2O_CELL_CO2,FH2O_CELL_CH4,FH2O_CELL_NONE,H_CELL_CO2,H_CELL_H2O,H_CELL_CH4,H_CELL_NONE,H_BU_BOT,H_BU_TOP,H_BU_SPAR,SPEC_CORR_LI7700_A,SPEC_CORR_LI7700_B,SPEC_CORR_LI7700_C,TAU_SCF,H_SCF,LE_SCF,ET_SCF,FC_SCF,FH2O_SCF,FCH4_SCF,FNONE_SCF,W_T_SONIC_COV_IBROM,W_T_SONIC_COV_IBROM_N1626,W_T_SONIC_COV_IBROM_N0614,W_T_SONIC_COV_IBROM_N0277,W_T_SONIC_COV_IBROM_N0133,W_T_SONIC_COV_IBROM_N0065,W_T_SONIC_COV_IBROM_N0032,W_T_SONIC_COV_IBROM_N0016,W_T_SONIC_COV_IBROM_N0008,W_T_SONIC_COV_IBROM_N0004,U_NUM_SPIKES,V_NUM_SPIKES,W_NUM_SPIKES,T_SONIC_NUM_SPIKES,CO2_NUM_SPIKES,H2O_NUM_SPIKES,CH4_NUM_SPIKES,NONE_NUM_SPIKES,CUSTOM_FILTER_NREX,WD_FILTER_NREX,SONIC_DIAG_NREX,CO2_DIAG_NREX,H2O_DIAG_NREX,CH4_DIAG_NREX,NONE_DIAG_NREX,U_SPIKE_NREX,V_SPIKE_NREX,W_SPIKE_NREX,T_SONIC_SPIKE_NREX,CO2_SPIKE_NREX,H2O_SPIKE_NREX,CH4_SPIKE_NREX,NONE_SPIKE_NREX,U_ABSLIM_NREX,V_ABSLIM_NREX,W_ABSLIM_NREX,T_SONIC_ABSLIM_NREX,CO2_ABSLIM_NREX,H2O_ABSLIM_NREX,CH4_ABSLIM_NREX,NONE_ABSLIM_NREX,U_VM97_TEST,V_VM97_TEST,W_VM97_TEST,T_SONIC_VM97_TEST,CO2_VM97_TEST,H2O_VM97_TEST,CH4_VM97_TEST,NONE_VM97_TEST,VM97_TLAG_HF,VM97_TLAG_SF,VM97_AOA_HF,VM97_NSHW_HF,U_LGD,V_LGD,W_LGD,T_SONIC_LGD,CO2_LGD,H2O_LGD,CH4_LGD,NONE_LGD,U_KID,V_KID,W_KID,T_SONIC_KID,CO2_KID,H2O_KID,CH4_KID,NONE_KID,U_ZCD,V_ZCD,W_ZCD,T_SONIC_ZCD,CO2_ZCD,H2O_ZCD,CH4_ZCD,NONE_ZCD,TAU_CORRDIFF,H_CORRDIFF,LE_CORRDIFF,ET_CORRDIFF,FC_CORRDIFF,FH2O_CORRDIFF,FCH4_CORRDIFF,FNONE_CORRDIFF,TAU_NSR,H_NSR,FC_NSR,FH2O_NSR,FCH4_NSR,FNONE_NSR,TAU_SS,H_SS,FC_SS,FH2O_SS,FCH4_SS,FNONE_SS,U_ITC,W_ITC,T_SONIC_ITC,TAU_SS_TEST,H_SS_TEST,FC_SS_TEST,FH2O_SS_TEST,FCH4_SS_TEST,FNONE_SS_TEST,U_ITC_TEST,W_ITC_TEST,T_SONIC_ITC_TEST,TAU_SSITC_TEST,H_SSITC_TEST,LE_SSITC_TEST,ET_SSITC_TEST,FC_SSITC_TEST,FH2O_SSITC_TEST,FCH4_SSITC_TEST,FNONE_SSITC_TEST,INST_LI7200_HEAD_DETECT,INST_LI7200_T_OUT,INST_LI7200_T_IN,INST_LI7200_AUX_IN,INST_LI7200_DELTA_P,INST_LI7200_CHOPPER,INST_LI7200_DETECTOR,INST_LI7200_PLL,INST_LI7200_SYNC,INST_LI7500_CHOPPER,INST_LI7500_DETECTOR,INST_LI7500_PLL,INST_LI7500_SYNC,INST_LI7700_NOT_READY,INST_LI7700_NO_SIGNAL,INST_LI7700_RE_UNLOCKED,INST_LI7700_BAD_TEMP,INST_LI7700_LASER_T_UNREG,INST_LI7700_BLOCK_T_UNREG,INST_LI7700_MOTOR_SPINNING,INST_LI7700_PUMP_ON,INST_LI7700_TOP_HEATER_ON,INST_LI7700_BOTTOM_HEATER_ON,INST_LI7700_CALIBRATING,INST_LI7700_MOTOR_FAILURE,INST_LI7700_BAD_AUX_TC1,INST_LI7700_BAD_AUX_TC2,INST_LI7700_BAD_AUX_TC3,INST_LI7700_BOX_CONNECTED,INST_LI7200_AGC_OR_RSSI,INST_LI7500_AGC_OR_RSSI,INST_LI7700_RSSI,WBOOST_APPLIED,AOA_METHOD,AXES_ROTATION_METHOD,ROT_YAW,ROT_PITCH,ROT_ROLL,DETRENDING_METHOD,DENTRENDING_TIME_CONSTANT,TIMELAG_DETECTION_METHOD,WPL_APPLIED,BURBA_METHOD,SPECTRAL_CORRECTION_METHOD,FOOTPRINT_MODEL,LOGGER_SWVER_MAJOR,LOGGER_SWVER_MINOR,LOGGER_SWVER_REVISION,BADM_LOCATION_LAT,BADM_LOCATION_LONG,BADM_LOCATION_ELEV,BADM_HEIGHTC,DISPLACEMENT_HEIGHT,ROUGHNESS_LENGTH,FILE_TIME_DURATION,BADM_INST_SAMPLING_INT,BADM_INST_AVERAGING_INT,MANUFACTURER_SA,BADM_INST_MODEL_SA,BADM_INST_HEIGHT_SA,BADM_INST_SA_WIND_FORMAT,BADM_INST_SA_GILL_ALIGN,BADM_SA_OFFSET_NORTH,HPATH_SA,VPATH_SA,RESPONSE_TIME_SA,MANUFACTURER_GA_CO2,BADM_INST_MODEL_GA_CO2,BADM_INSTPAIR_NORTHWARD_SEP_GA_CO2,BADM_INSTPAIR_EASTWARD_SEP_GA_CO2,BADM_INSTPAIR_HEIGHT_SEP_GA_CO2,BADM_INST_GA_CP_TUBE_LENGTH_GA_CO2,BADM_INST_GA_CP_TUBE_IN_DIAM_GA_CO2,BADM_INST_GA_CP_TUBE_FLOW_RATE_GA_CO2,HPATH_GA_CO2,VPATH_GA_CO2,RESPONSE_TIME_GA_CO2,MANUFACTURER_GA_H2O,BADM_INST_MODEL_GA_H2O,BADM_INSTPAIR_NORTHWARD_SEP_GA_H2O,BADM_INSTPAIR_EASTWARD_SEP_GA_H2O,BADM_INSTPAIR_HEIGHT_SEP_GA_H2O,BADM_INST_GA_CP_TUBE_LENGTH_GA_H2O,BADM_INST_GA_CP_TUBE_IN_DIAM_GA_H2O,BADM_INST_GA_CP_TUBE_FLOW_RATE_GA_H2O,KRYPTON_HYDRO_KH2O_GA_H2O,KRYPTON_HYDRO_KO2_GA_H2O,HPATH_GA_H2O,VPATH_GA_H2O,RESPONSE_TIME_GA_H2O,MANUFACTURER_GA_CH4,BADM_INST_MODEL_GA_CH4,BADM_INSTPAIR_NORTHWARD_SEP_GA_CH4,BADM_INSTPAIR_EASTWARD_SEP_GA_CH4,BADM_INSTPAIR_HEIGHT_SEP_GA_CH4,BADM_INST_GA_CP_TUBE_LENGTH_GA_CH4,BADM_INST_GA_CP_TUBE_IN_DIAM_GA_CH4,BADM_INST_GA_CP_TUBE_FLOW_RATE_GA_CH4,HPATH_GA_CH4,VPATH_GA_CH4,RESPONSE_TIME_GA_CH4,MANUFACTURER_GA_NONE,BADM_INST_MODEL_GA_NONE,BADM_INSTPAIR_NORTHWARD_SEP_GA_NONE,BADM_INSTPAIR_EASTWARD_SEP_GA_NONE,BADM_INSTPAIR_HEIGHT_SEP_GA_NONE,BADM_INST_GA_CP_TUBE_LENGTH_GA_NONE,BADM_INST_GA_CP_TUBE_IN_DIAM_GA_NONE,BADM_INST_GA_CP_TUBE_FLOW_RATE_GA_NONE,HPATH_GA_NONE,VPATH_GA_NONE,RESPONSE_TIME_GA_NONE,NUM_CUSTOM_VARS,CUSTOM_DATA_SIZE_IRGA75_MEAN,CUSTOM_STATUS_CODE_IRGA75_MEAN,CUSTOM_GA_DIAG_CODE_IRGA75_MEAN,CUSTOM_AGC_MEAN,CUSTOM_AIR_T_MEAN,CUSTOM_COOLER_V_MEAN,NUM_BIOMET_VARS,LW_IN_1_1_1,PA_1_1_1,PPFD_IN_1_1_1,SW_IN_1_1_1,RH_1_1_1,TA_1_1_1
201710172300,201710172330,290.958,290.979,CH-FRU_201710172133.csv,0.00000,1,36000,36000,36000,36000,36000,36000,36000,36000,-9999,-9999,36000,36000,36000,36000,-9999,-9999,0.912917E-02,-0.629559E-01,3.23535,0.470353E-02,-3.71065,0.725854E-01,-9999,-9999,0.155951E-02,3.29101,1.10292,0.160343E-02,0.947184,0.247442E-01,-9999,-9999,-0.432081,-1.33122,-0.193532E-02,-0.144923,-0.298660E-01,-9999,-9999,0.301375E-10,0.749508E-12,-9999,-9999,0.214519,0.951418,-0.401803E-01,0.976129,0.868637E-13,0.198397E-14,0.976129,1.69307,76.0844,19.8133,0.907110E-01,0.885576E-01,965.969,0.236032E-02,-0.194588E-01,-0.618938E-03,14.1033,11.2260,90.9001,67.2490,0.260099E-01,1.10946,1121.32,1010.69,0.680763E-02,8.93430,13.2854,0.613598E-02,4.35110,5.34760,90.0067,1.10265,0.262681E-01,0.247353E+07,0.617386E-02,2,15.1905,399.366,395.102,2,377.782,9.92358,9.82607,-9999,-9999,-9999,-9999,-9999,-9999,-9999,-9999,3.10000,3.10000,0.250000,-0.974000,5.00000,-0.100000,-0.100000,0.250000,-0.974000,5.00000,-9999,-9999,-9999,-9999,-9999,-9999,-9999,-9999,-9999,-9999,0.962490,0.560044E-02,-0.112793E-02,14.1300,15.1532,410.550,-9999,-9999,0.804636,-0.303043,-0.692816E-01,13.5900,15.0372,404.022,-9999,-9999,1.13421,0.299244,0.676560E-01,14.6100,15.3163,416.663,-9999,-9999,0.220538,0.341233,0.109719,0.830644,0.213716,10.1195,-9999,-9999,0.216895,0.547515E-01,-0.302036E-01,-0.123711,0.708035,0.113503,-9999,-9999,2.44958,1.80950,3.52014,3.04049,3.34843,3.07184,-9999,-9999,0.643765E-02,0.111209E-03,-0.362283E-02,0.697537E-01,-9999,-9999,0.743465,-9999,-9999,-9999,-9999,-9999,-9999,-9999,-9999,-9999,-9999,-9999,-9999,-9999,0.901261E-01,-478.302,-0.476686E-02,0.901183E-02,0.124700,3.10913,0.452004E-02,-3.62283,0.697537E-01,-9999,-9999,0.912917E-02,0.124700,3.20688,0.466215E-02,-3.73633,0.719467E-01,-9999,-9999,0.912917E-02,-0.618024E-01,3.24536,0.471808E-02,-3.71065,0.728099E-01,-9999,-9999,11.2260,90.9001,-9999,-9999,-9999,-9999,-9999,-9999,-9999,-9999,-9999,-9999,-9999,-9999,-9999,-9999,-9999,-9999,-9999,1.01302,1.01866,1.03144,1.03144,1.03133,1.03144,-9999,-9999,-0.368118E-02,-0.325675E-02,-0.242056E-02,-0.123872E-02,0.620479E-04,0.107590E-02,0.154361E-02,0.168314E-02,0.170217E-02,0.161259E-02,0,5,0,0,1,0,-9999,-9999,0,0,0,0,0,-9999,-9999,0,9,0,0,2,0,-9999,-9999,0,0,0,0,0,0,-9999,-9999,800000001,800000011,800000011,800000000,800000000,800000011,-9999,-9999,80000,80000,80,81,0.00000,0.00000,0.00000,0.00000,3.05000,0.100000,-9999,-9999,5.50644,5.17475,5.38445,14.6915,17.1456,19.7254,-9999,-9999,342,1245,342,3528,1736,1670,-9999,-9999,0.955987E-02,0.329708E-01,0.426804E-01,0.426804E-01,0.510071E-01,0.426804E-01,-9999,-9999,2.47522,0.516387,1.71683,1.20180,-9999,-9999,33.0000,3687.00,3.00000,23.0000,-9999,-9999,26.0000,27.0000,9195.00,3,9,1,2,-9999,-9999,2,2,9,1,2,0,0,0,0,-9999,-9999,-9999,-9999,-9999,-9999,-9999,-9999,-9999,-9999,-9999,-9999,-9999,-9999,-9999,-9999,-9999,-9999,-9999,-9999,-9999,-9999,-9999,-9999,-9999,-9999,-9999,-9999,-9999,-9999,-9999,9999.00,44.0000,-9999,0,0,1,77.2938,-2.35913,-9999,0,0.00000,2,1,0,2,0,-9999,-9999,-9999,47.1158,8.53778,982.000,0.400000,0.270000,0.600000E-01,360.000,20.0000,30.0000,gill,r3_50_1,2.55000,uvw,axis,335.000,11.0000,12.5000,0.200000E-01,licor,li7500_1,28.8000,-17.5000,0.00000,-9999,-9999,-9999,0.950000,12.7000,0.100000,licor,li7500_1,28.8000,-17.5000,0.00000,-9999,-9999,-9999,-9999,-9999,0.950000,12.7000,0.100000,-9999,-9999,-9999,-9999,-9999,-9999,-9999,-9999,-9999,-9999,-9999,-9999,-9999,-9999,-9999,-9999,-9999,-9999,-9999,-9999,-9999,-9999,6,16.0000,1.69556,247.014,43.8358,284.695,1.36524,6,283.910,-9999,0.00000,0.00000,67.2490,11.2260
201710172330,201710180000,290.979,291.000,CH-FRU_201710172133.csv,0.00000,1,36000,36000,36000,36000,36000,36000,36000,36000,-9999,-9999,36000,36000,36000,36000,-9999,-9999,0.396615E-02,-6.20854,2.99146,0.434780E-02,-2.76858,0.670957E-01,-9999,-9999,0.973224E-03,0.873736,0.721148,0.104812E-02,0.554138,0.161747E-01,-9999,-9999,-0.445146,-0.682694,-0.992230E-03,-0.110313,-0.153122E-01,-9999,-9999,-0.455955E-10,-0.110720E-11,-9999,-9999,0.249010,1.01921,-0.369642E-01,1.04984,-0.427012E-13,-0.301446E-14,1.04984,1.71520,78.8431,8.77660,0.597613E-01,0.432642E-01,2.80045,0.814156,-2.07542,-0.925745E-01,13.8989,10.9460,90.8884,66.5440,0.259876E-01,1.11053,1122.22,1010.53,0.661869E-02,8.67779,13.0407,0.595994E-02,4.36289,4.92922,90.0206,1.10391,0.262382E-01,0.247419E+07,0.599567E-02,2,15.1256,397.213,393.078,2,367.297,9.63717,9.54518,-9999,-9999,-9999,-9999,-9999,-9999,-9999,-9999,1.95000,1.95000,0.250000,-0.974000,5.00000,-0.350000,-0.350000,0.250000,-0.974000,5.00000,-9999,-9999,-9999,-9999,-9999,-9999,-9999,-9999,-9999,-9999,1.04126,-0.813391E-02,0.259330E-02,13.9200,15.1034,399.344,-9999,-9999,0.868089,-0.973630E-01,-0.580020E-01,13.3400,14.9863,395.271,-9999,-9999,1.23826,0.873936E-01,0.623182E-01,14.5000,15.2518,404.919,-9999,-9999,0.233691,0.151854,0.941133E-01,0.736083,0.180164,7.17769,-9999,-9999,0.246053E-01,0.480648,-0.206465,-0.135518,0.484329,0.499530,-9999,-9999,2.14405,4.02542,3.69724,2.20651,2.73051,2.41698,-9999,-9999,0.339680E-02,-0.506644E-02,-0.202144E-02,0.594605E-01,-9999,-9999,0.613292,-9999,-9999,-9999,-9999,-9999,-9999,-9999,-9999,-9999,-9999,-9999,-9999,-9999,0.588227E-01,2.91615,0.781852,0.384255E-02,-5.68565,2.65104,0.385304E-02,-2.02144,0.594605E-01,-9999,-9999,0.396615E-02,-5.68565,3.28179,0.476978E-02,-2.50041,0.736077E-01,-9999,-9999,0.396615E-02,-5.82688,3.01857,0.438721E-02,-2.76858,0.677039E-01,-9999,-9999,10.9460,90.8884,-9999,-9999,-9999,-9999,-9999,-9999,-9999,-9999,-9999,-9999,-9999,-9999,-9999,-9999,-9999,-9999,-9999,1.03217,1.06550,1.23793,1.23793,1.23695,1.23793,-9999,-9999,-0.516541E-02,-0.474140E-02,-0.400223E-02,-0.297343E-02,-0.182139E-02,-0.785124E-03,0.929388E-04,0.878870E-03,0.149613E-02,0.187910E-02,9,1,0,4,7,0,-9999,-9999,0,0,0,0,0,-9999,-9999,12,1,0,6,16,0,-9999,-9999,0,0,0,0,0,0,-9999,-9999,800000001,800000001,800000011,800000000,800000000,800000011,-9999,-9999,81100,81100,80,80,0.00000,0.00000,0.00000,0.00000,1.90000,0.350000,-9999,-9999,4.36760,4.49355,4.80975,13.8242,16.3199,11.9232,-9999,-9999,301,1197,301,2970,878,816,-9999,-9999,0.204749E-01,0.242576E-01,0.284721E-01,0.284721E-01,0.222250E-01,0.284721E-01,-9999,-9999,1.21130,0.730043,2.28081,1.81888,-9999,-9999,35.0000,45.0000,25.0000,8.00000,-9999,-9999,12.0000,9.00000,474.000,3,3,2,1,-9999,-9999,1,1,7,1,1,0,0,0,0,-9999,-9999,-9999,-9999,-9999,-9999,-9999,-9999,-9999,-9999,-9999,-9999,-9999,-9999,-9999,-9999,-9999,-9999,-9999,-9999,-9999,-9999,-9999,-9999,-9999,-9999,-9999,-9999,-9999,-9999,-9999,9999.00,44.0000,-9999,0,0,1,76.2707,-2.01776,-9999,0,0.00000,2,1,0,2,0,-9999,-9999,-9999,47.1158,8.53778,982.000,0.400000,0.270000,0.600000E-01,360.000,20.0000,30.0000,gill,r3_50_1,2.55000,uvw,axis,335.000,11.0000,12.5000,0.200000E-01,licor,li7500_1,28.8000,-17.5000,0.00000,-9999,-9999,-9999,0.950000,12.7000,0.100000,licor,li7500_1,28.8000,-17.5000,0.00000,-9999,-9999,-9999,-9999,-9999,0.950000,12.7000,0.100000,-9999,-9999,-9999,-9999,-9999,-9999,-9999,-9999,-9999,-9999,-9999,-9999,-9999,-9999,-9999,-9999,-9999,-9999,-9999,-9999,-9999,-9999,6,16.0000,0.826667,247.000,43.7500,284.267,1.36006,6,277.840,-9999,0.00000,0.00000,66.5440,10.9460
201710180000,201710180030,291.000,291.021,CH-FRU_201710172133.csv,0.00000,1,36000,36000,36000,36000,36000,36000,36000,36000,-9999,-9999,36000,36000,36000,36000,-9999,-9999,-0.547257E-02,-0.491446,-5.89179,-0.855543E-02,-6.75524,-0.132028,-9999,-9999,0.427303E-03,1.09247,1.91006,0.277359E-02,0.942164,0.428023E-01,-9999,-9999,-1.50361,-0.697847,-0.101334E-02,0.137033,-0.156379E-01,-9999,-9999,0.155529E-11,0.364035E-13,-9999,-9999,0.455993,0.903106,-0.608058E-01,1.01352,0.410073E-13,0.101866E-15,1.01352,1.90919,91.5630,16.2200,0.700896E-01,0.807408E-01,57.0578,0.399595E-01,0.834119E-01,-0.622967E-02,12.9932,10.0030,90.8600,68.7210,0.259095E-01,1.11400,1125.53,1010.35,0.643975E-02,8.41514,12.2454,0.578073E-02,3.83023,4.48938,90.0185,1.10756,0.261517E-01,0.247643E+07,0.581434E-02,2,15.2680,399.670,395.585,2,357.367,9.34571,9.25918,-9999,-9999,-9999,-9999,-9999,-9999,-9999,-9999,2.85000,2.85000,0.250000,-0.974000,5.00000,2.85000,2.85000,0.250000,-0.974000,5.00000,-9999,-9999,-9999,-9999,-9999,-9999,-9999,-9999,-9999,-9999,0.972640,-0.405337E-01,0.211241E-02,13.1300,15.2193,395.813,-9999,-9999,0.810121,-0.191607,-0.638225E-01,12.3150,15.0719,387.525,-9999,-9999,1.17953,0.118000,0.669993E-01,13.7600,15.4274,402.413,-9999,-9999,0.262776,0.282486,0.112392,0.970813,0.247569,9.44461,-9999,-9999,0.589846,0.925547,-0.174539,-0.490562,0.859825,-0.496054,-9999,-9999,2.81152,3.73029,4.33628,2.96870,3.67181,2.41931,-9999,-9999,-0.106004E-02,-0.720744E-03,-0.633103E-02,-0.123434,-9999,-9999,1.25695,-9999,-9999,-9999,-9999,-9999,-9999,-9999,-9999,-9999,-9999,-9999,-9999,-9999,0.696933E-01,33.9833,0.670919E-01,-0.541087E-02,-0.811219,-5.50826,-0.799851E-02,-6.33103,-0.123434,-9999,-9999,-0.547257E-02,-0.811219,-5.81264,-0.844050E-02,-6.67946,-0.130255,-9999,-9999,-0.547257E-02,-0.480873,-5.90795,-0.857888E-02,-6.75524,-0.132390,-9999,-9999,10.0030,90.8600,-9999,-9999,-9999,-9999,-9999,-9999,-9999,-9999,-9999,-9999,-9999,-9999,-9999,-9999,-9999,-9999,-9999,1.01140,1.02199,1.05526,1.05526,1.05503,1.05526,-9999,-9999,-0.631408E-03,0.500528E-04,0.123531E-02,0.291520E-02,0.486329E-02,0.670807E-02,0.806282E-02,0.870668E-02,0.837084E-02,0.698372E-02,7,5,0,0,2,0,-9999,-9999,0,0,0,0,0,-9999,-9999,12,6,0,0,4,0,-9999,-9999,0,0,0,0,0,0,-9999,-9999,800000011,800000011,800000011,800000000,800000000,800000011,-9999,-9999,80100,80100,80,80,0.00000,0.00000,0.00000,0.00000,2.80000,2.80000,-9999,-9999,6.13265,7.83269,8.19890,17.7996,18.8033,24.4679,-9999,-9999,297,1090,297,2953,3116,3042,-9999,-9999,0.442148E-01,0.950140E-02,0.212297E-01,0.212297E-01,0.146742E-01,0.212297E-01,-9999,-9999,2.17814,1.45827,2.05772,2.32716,-9999,-9999,9.00000,210.000,6.00000,25.0000,-9999,-9999,9.00000,7.00000,3312.00,1,6,1,2,-9999,-9999,1,1,9,0,2,0,0,0,0,-9999,-9999,-9999,-9999,-9999,-9999,-9999,-9999,-9999,-9999,-9999,-9999,-9999,-9999,-9999,-9999,-9999,-9999,-9999,-9999,-9999,-9999,-9999,-9999,-9999,-9999,-9999,-9999,-9999,-9999,-9999,9999.00,44.0000,-9999,0,0,1,63.2100,-3.43950,-9999,0,0.00000,2,1,0,2,0,-9999,-9999,-9999,47.1158,8.53778,982.000,0.400000,0.270000,0.600000E-01,360.000,20.0000,30.0000,gill,r3_50_1,2.55000,uvw,axis,335.000,11.0000,12.5000,0.200000E-01,licor,li7500_1,28.8000,-17.5000,0.00000,-9999,-9999,-9999,0.950000,12.7000,0.100000,licor,li7500_1,28.8000,-17.5000,0.00000,-9999,-9999,-9999,-9999,-9999,0.950000,12.7000,0.100000,-9999,-9999,-9999,-9999,-9999,-9999,-9999,-9999,-9999,-9999,-9999,-9999,-9999,-9999,-9999,-9999,-9999,-9999,-9999,-9999,-9999,-9999,6,16.0000,3.35889,247.000,43.7500,283.582,1.34546,6,274.700,-9999,0.00000,0.00000,68.7210,10.0030
201710180030,201710180100,291.021,291.042,CH-FRU_201710172133.csv,0.00000,1,36000,36000,36000,36000,36000,36000,36000,36000,-9999,-9999,36000,36000,36000,36000,-9999,-9999,0.260723E-02,-11.3932,-7.74256,-0.112489E-01,-6.74336,-0.173594,-9999,-9999,0.904690E-03,1.50594,1.05617,0.153447E-02,0.789766,0.236801E-01,-9999,-9999,0.883073,-0.569308,-0.827128E-03,-0.224509,-0.127643E-01,-9999,-9999,-0.184782E-10,-0.426009E-12,-9999,-9999,0.385928,0.963066,-0.602090E-01,1.03926,0.713712E-13,-0.122554E-14,1.03926,1.95115,86.9466,13.1524,0.484264E-01,0.527319E-01,0.811662,2.80905,1.47150,-0.209474,13.6725,10.5580,90.8478,64.5370,0.259637E-01,1.11177,1123.14,1010.23,0.626392E-02,8.20143,12.7081,0.563418E-02,4.50668,4.12243,90.0276,1.10551,0.262003E-01,0.247511E+07,0.566610E-02,2,15.0776,395.349,391.470,2,347.609,9.10744,9.02524,-9999,-9999,-9999,-9999,-9999,-9999,-9999,-9999,3.00000,3.00000,0.250000,-0.974000,5.00000,2.80000,2.80000,0.250000,-0.974000,5.00000,-9999,-9999,-9999,-9999,-9999,-9999,-9999,-9999,-9999,-9999,1.03929,-0.851914E-02,0.111008E-02,13.7300,15.0506,377.388,-9999,-9999,0.907590,-0.180941,-0.689694E-01,12.8800,14.8987,373.617,-9999,-9999,1.16639,0.178500,0.733741E-01,14.4900,15.2377,382.519,-9999,-9999,0.185267,0.241391,0.113447,1.05163,0.219194,6.29233,-9999,-9999,0.816074E-01,0.125938,-0.147616,-0.132787,0.443256,0.594509E-01,-9999,-9999,2.87669,2.61911,3.71573,2.33520,2.46189,2.60014,-9999,-9999,0.194775E-02,-0.905725E-02,-0.422454E-02,-0.109734,-9999,-9999,1.15156,-9999,-9999,-9999,-9999,-9999,-9999,-9999,-9999,-9999,-9999,-9999,-9999,-9999,0.466172E-01,0.810928,2.81159,0.241606E-02,-10.1726,-4.89431,-0.711077E-02,-4.22454,-0.109734,-9999,-9999,0.260723E-02,-10.1726,-7.11832,-0.103420E-01,-6.13628,-0.159598,-9999,-9999,0.260723E-02,-9.85116,-7.68263,-0.111618E-01,-6.74336,-0.172251,-9999,-9999,10.5580,90.8478,-9999,-9999,-9999,-9999,-9999,-9999,-9999,-9999,-9999,-9999,-9999,-9999,-9999,-9999,-9999,-9999,-9999,1.07912,1.15653,1.45441,1.45441,1.45253,1.45441,-9999,-9999,-0.986745E-02,-0.905252E-02,-0.764464E-02,-0.573317E-02,-0.340252E-02,-0.109240E-02,0.724135E-03,0.198702E-02,0.285507E-02,0.315994E-02,12,7,1,0,1,0,-9999,-9999,0,0,0,0,0,-9999,-9999,19,14,1,0,2,0,-9999,-9999,0,0,0,0,0,0,-9999,-9999,800000011,800000001,800000011,800000000,800000000,800000011,-9999,-9999,80000,80000,80,80,0.00000,0.00000,0.00000,0.00000,2.95000,2.75000,-9999,-9999,4.72885,5.28303,5.53920,11.6451,15.9738,16.1975,-9999,-9999,192,871,192,2161,4519,4483,-9999,-9999,0.149749E-01,0.170905E-01,0.334986E-01,0.334986E-01,0.782788E-04,0.334986E-01,-9999,-9999,1.13603,1.90443,1.42587,1.95285,-9999,-9999,3.00000,19.0000,14.0000,10.0000,-9999,-9999,9.00000,33.0000,400.000,1,2,1,1,-9999,-9999,3,3,7,1,1,1,1,1,1,-9999,-9999,-9999,-9999,-9999,-9999,-9999,-9999,-9999,-9999,-9999,-9999,-9999,-9999,-9999,-9999,-9999,-9999,-9999,-9999,-9999,-9999,-9999,-9999,-9999,-9999,-9999,-9999,-9999,-9999,-9999,9999.00,44.0000,-9999,0,0,1,68.1626,-3.32126,-9999,0,0.00000,2,1,0,2,0,-9999,-9999,-9999,47.1158,8.53778,982.000,0.400000,0.270000,0.600000E-01,360.000,20.0000,30.0000,gill,r3_50_1,2.55000,uvw,axis,335.000,11.0000,12.5000,0.200000E-01,licor,li7500_1,28.8000,-17.5000,0.00000,-9999,-9999,-9999,0.950000,12.7000,0.100000,licor,li7500_1,28.8000,-17.5000,0.00000,-9999,-9999,-9999,-9999,-9999,0.950000,12.7000,0.100000,-9999,-9999,-9999,-9999,-9999,-9999,-9999,-9999,-9999,-9999,-9999,-9999,-9999,-9999,-9999,-9999,-9999,-9999,-9999,-9999,-9999,-9999,6,16.0000,4.95000,247.000,43.7500,283.375,1.35571,6,272.920,-9999,0.00000,0.00000,64.5370,10.5580
201710180100,201710180130,291.042,291.062,CH-FRU_201710172133.csv,0.00000,1,36000,36000,36000,36000,36000,36000,36000,36000,-9999,-9999,36000,36000,36000,36000,-9999,-9999,0.279442E-02,-3.69739,-7.98566,-0.116033E-01,-2.96121,-0.179064,-9999,-9999,0.891345E-03,1.18042,2.73275,0.397073E-02,0.718196,0.612767E-01,-9999,-9999,0.173299,-1.16785,-0.169691E-02,-0.127762,-0.261868E-01,-9999,-9999,0.127042E-10,0.278976E-12,-9999,-9999,0.387483,0.858663,-0.656911E-01,0.944331,0.420896E-13,0.848249E-15,0.944331,1.96634,88.7769,10.9743,0.501473E-01,0.380861E-01,2.77648,0.821184,0.463004,-0.656972E-01,13.9643,10.6670,90.8202,60.6420,0.259816E-01,1.11121,1122.28,1009.96,0.592652E-02,7.76264,12.8008,0.533339E-02,5.03813,3.34175,90.0439,1.10528,0.262056E-01,0.247485E+07,0.536199E-02,2,14.9770,392.836,389.127,2,328.885,8.61862,8.54498,-9999,-9999,-9999,-9999,-9999,-9999,-9999,-9999,2.30000,2.30000,0.250000,-0.974000,5.00000,2.25000,2.25000,0.250000,-0.974000,5.00000,-9999,-9999,-9999,-9999,-9999,-9999,-9999,-9999,-9999,-9999,0.922080,0.269465E-02,0.249464E-03,14.1300,14.9215,363.312,-9999,-9999,0.826904,-0.119099,-0.576607E-01,13.4300,14.8381,352.902,-9999,-9999,1.04269,0.127594,0.565361E-01,14.6600,15.0666,374.245,-9999,-9999,0.183779,0.180663,0.987847E-01,0.944553,0.187615,12.8178,-9999,-9999,0.736263,-0.114120,0.454210E-01,-0.680208,1.12567,-0.539086,-9999,-9999,4.18514,2.83551,5.22147,2.79498,3.67558,2.55139,-9999,-9999,0.242687E-02,-0.341944E-02,-0.220599E-02,-0.140899,-9999,-9999,0.220760,-9999,-9999,-9999,-9999,-9999,-9999,-9999,-9999,-9999,-9999,-9999,-9999,-9999,0.492906E-01,2.54029,0.897535,0.269975E-02,-3.83758,-6.28365,-0.913026E-02,-2.20599,-0.140899,-9999,-9999,0.279442E-02,-3.83758,-7.74715,-0.112568E-01,-2.71766,-0.173715,-9999,-9999,0.279442E-02,-3.45166,-7.99217,-0.116128E-01,-2.96121,-0.179210,-9999,-9999,10.6670,90.8202,-9999,-9999,-9999,-9999,-9999,-9999,-9999,-9999,-9999,-9999,-9999,-9999,-9999,-9999,-9999,-9999,-9999,1.03506,1.07119,1.23291,1.23291,1.23195,1.23291,-9999,-9999,0.140041E-02,0.173542E-02,0.238575E-02,0.336575E-02,0.464952E-02,0.604164E-02,0.724909E-02,0.803937E-02,0.824748E-02,0.761887E-02,11,5,1,21,38,5,-9999,-9999,0,0,0,0,0,-9999,-9999,17,9,2,34,65,11,-9999,-9999,0,0,0,0,0,0,-9999,-9999,800000011,800000011,800000111,800000000,800000100,800000111,-9999,-9999,80100,80100,80,80,0.00000,0.00000,0.00000,0.00000,2.25000,2.20000,-9999,-9999,5.60351,6.24883,7.83189,18.6456,26.5264,20.9413,-9999,-9999,355,1265,355,3473,4920,4827,-9999,-9999,0.169119E-01,0.492693E-02,0.179243E-01,0.179243E-01,0.332966E-01,0.179243E-01,-9999,-9999,1.03909,0.452918,2.25645,2.25541,-9999,-9999,5.00000,104.000,30.0000,19.0000,-9999,-9999,3.00000,10.0000,846.000,1,6,2,2,-9999,-9999,1,1,8,0,2,0,0,0,0,-9999,-9999,-9999,-9999,-9999,-9999,-9999,-9999,-9999,-9999,-9999,-9999,-9999,-9999,-9999,-9999,-9999,-9999,-9999,-9999,-9999,-9999,-9999,-9999,-9999,-9999,-9999,-9999,-9999,-9999,-9999,9999.00,44.0000,-9999,0,0,1,65.7121,-3.98893,-9999,0,0.00000,2,1,0,2,0,-9999,-9999,-9999,47.1158,8.53778,982.000,0.400000,0.270000,0.600000E-01,360.000,20.0000,30.0000,gill,r3_50_1,2.55000,uvw,axis,335.000,11.0000,12.5000,0.200000E-01,licor,li7500_1,28.8000,-17.5000,0.00000,-9999,-9999,-9999,0.950000,12.7000,0.100000,licor,li7500_1,28.8000,-17.5000,0.00000,-9999,-9999,-9999,-9999,-9999,0.950000,12.7000,0.100000,-9999,-9999,-9999,-9999,-9999,-9999,-9999,-9999,-9999,-9999,-9999,-9999,-9999,-9999,-9999,-9999,-9999,-9999,-9999,-9999,-9999,-9999,6,16.0000,5.33333,247.000,43.7500,283.411,1.35775,6,270.490,-9999,0.00000,0.00000,60.6420,10.6670
201710180130,201710180200,291.062,291.083,CH-FRU_201710172133.csv,0.00000,1,36000,36000,36000,36000,36000,36000,36000,36000,-9999,-9999,36000,36000,36000,36000,-9999,-9999,0.566599E-02,-12.2293,2.77257,0.402604E-02,2.68487,0.621303E-01,-9999,-9999,0.145245E-02,1.91472,0.827327,0.120136E-02,0.573690,0.185395E-01,-9999,-9999,-1.05307,-1.24094,-0.180197E-02,0.181108,-0.278081E-01,-9999,-9999,0.106062E-09,0.217184E-11,-9999,-9999,0.148084,1.16398,-0.460054E-01,1.17427,-0.423898E-13,0.700689E-14,1.17427,2.08825,71.4402,12.2457,0.713239E-01,0.724161E-01,2.41462,0.944248,-4.41082,-0.152468,13.0742,10.0060,90.8019,59.5930,0.259263E-01,1.11379,1124.57,1009.68,0.558544E-02,7.29885,12.2478,0.501478E-02,4.94898,2.47297,90.0720,1.10821,0.261364E-01,0.247642E+07,0.504006E-02,2,15.1368,395.954,392.441,2,309.958,8.10116,8.03606,-9999,-9999,-9999,-9999,-9999,-9999,-9999,-9999,-0.500000,-0.500000,0.250000,-0.974000,5.00000,-0.950000,0.250000,0.250000,-0.974000,5.00000,-9999,-9999,-9999,-9999,-9999,-9999,-9999,-9999,-9999,-9999,1.17906,0.163835E-01,0.588355E-02,13.0900,15.1219,343.758,-9999,-9999,0.966640,-0.156621,-0.609102E-01,12.3200,14.9647,339.839,-9999,-9999,1.37125,0.165014,0.663331E-01,13.8400,15.2819,347.281,-9999,-9999,0.273095,0.243489,0.104712,1.11828,0.225319,7.83283,-9999,-9999,0.328761E-01,-0.282510,-0.310894,-0.746212E-01,0.402702,-1.30995,-9999,-9999,2.51273,3.08524,4.34689,2.64999,2.70869,5.02130,-9999,-9999,0.471944E-02,-0.100231E-01,0.250886E-02,0.568559E-01,-9999,-9999,0.968837,-9999,-9999,-9999,-9999,-9999,-9999,-9999,-9999,-9999,-9999,-9999,-9999,-9999,0.700712E-01,2.48412,0.917829,0.546870E-02,-11.2717,2.53720,0.368426E-02,2.50886,0.568559E-01,-9999,-9999,0.566599E-02,-11.2717,3.28150,0.476506E-02,3.24181,0.735349E-01,-9999,-9999,0.566599E-02,-11.3939,2.81450,0.408693E-02,2.68487,0.630700E-01,-9999,-9999,10.0060,90.8019,-9999,-9999,-9999,-9999,-9999,-9999,-9999,-9999,-9999,-9999,-9999,-9999,-9999,-9999,-9999,-9999,-9999,1.03608,1.07332,1.29336,1.29336,1.29215,1.29336,-9999,-9999,-0.934245E-02,-0.887144E-02,-0.797137E-02,-0.678660E-02,-0.562720E-02,-0.483372E-02,-0.458807E-02,-0.464635E-02,-0.478935E-02,-0.510578E-02,3,14,4,2,1,2,-9999,-9999,0,0,0,0,0,-9999,-9999,5,24,4,5,2,2,-9999,-9999,0,0,0,0,0,0,-9999,-9999,800000001,800000001,800000011,800000000,800000000,800000011,-9999,-9999,80000,80100,80,80,0.00000,0.00000,0.00000,0.00000,0.500000,0.200000,-9999,-9999,5.84787,6.34984,7.72117,14.0372,21.7107,30.9784,-9999,-9999,331,1180,331,2440,5007,4932,-9999,-9999,0.315946E-01,0.126118E-01,0.157132E-01,0.157132E-01,0.228253E-01,0.157132E-01,-9999,-9999,0.880417,1.21806,2.49599,1.26110,-9999,-9999,8.00000,64.0000,38.0000,143.000,-9999,-9999,13.0000,13.0000,446.000,1,4,3,6,-9999,-9999,1,1,7,0,1,2,2,1,2,-9999,-9999,-9999,-9999,-9999,-9999,-9999,-9999,-9999,-9999,-9999,-9999,-9999,-9999,-9999,-9999,-9999,-9999,-9999,-9999,-9999,-9999,-9999,-9999,-9999,-9999,-9999,-9999,-9999,-9999,-9999,9999.00,44.0000,-9999,0,0,1,82.7497,-2.24531,-9999,0,0.00000,2,1,0,2,0,-9999,-9999,-9999,47.1158,8.53778,982.000,0.400000,0.270000,0.600000E-01,360.000,20.0000,30.0000,gill,r3_50_1,2.55000,uvw,axis,335.000,11.0000,12.5000,0.200000E-01,licor,li7500_1,28.8000,-17.5000,0.00000,-9999,-9999,-9999,0.950000,12.7000,0.100000,licor,li7500_1,28.8000,-17.5000,0.00000,-9999,-9999,-9999,-9999,-9999,0.950000,12.7000,0.100000,-9999,-9999,-9999,-9999,-9999,-9999,-9999,-9999,-9999,-9999,-9999,-9999,-9999,-9999,-9999,-9999,-9999,-9999,-9999,-9999,-9999,-9999,6,16.0000,5.44111,247.000,43.7500,283.119,1.34935,6,268.170,-9999,0.00000,0.00000,59.5930,10.0060
201710180200,201710180230,291.083,291.104,CH-FRU_201710172133.csv,0.00000,1,36000,36000,36000,36000,36000,36000,36000,36000,-9999,-9999,36000,36000,36000,36000,-9999,-9999,0.585456E-02,10.8154,-1.73021,-0.251256E-02,-4.28005,-0.387741E-01,-9999,-9999,0.123864E-02,3.68800,0.952496,0.138318E-02,0.968661,0.213454E-01,-9999,-9999,0.780475E-01,-0.174226,-0.253006E-03,-0.516239E-01,-0.390441E-02,-9999,-9999,-0.104010E-09,-0.211598E-11,-9999,-9999,0.104937,1.00436,-0.581975E-01,1.01151,0.936233E-13,-0.688931E-14,1.01151,1.71563,71.2451,18.3414,0.725073E-01,0.763661E-01,-2.86835,-0.794881,-6.25092,0.132668,12.9564,10.0550,90.7995,58.8680,0.259315E-01,1.11360,1124.33,1009.64,0.553466E-02,7.23375,12.2881,0.497005E-02,5.05434,2.34713,90.0762,1.10807,0.261397E-01,0.247630E+07,0.499487E-02,2,15.0973,394.986,391.496,2,307.140,8.02854,7.96459,-9999,-9999,-9999,-9999,-9999,-9999,-9999,-9999,2.30000,2.30000,0.250000,-0.974000,5.00000,2.30000,2.30000,0.250000,-0.974000,5.00000,-9999,-9999,-9999,-9999,-9999,-9999,-9999,-9999,-9999,-9999,1.01654,-0.533455E-02,0.539072E-02,13.0600,15.0566,340.050,-9999,-9999,0.857727,-0.234330,-0.604102E-01,12.2200,14.9233,337.101,-9999,-9999,1.15996,0.231503,0.629600E-01,13.7400,15.2483,344.115,-9999,-9999,0.219266,0.308123,0.985613E-01,1.02676,0.214645,4.57859,-9999,-9999,-0.137941E-01,0.207764E-01,-0.258014,-0.364440,0.607616,0.294883,-9999,-9999,2.79619,2.26618,3.94589,2.52667,2.66524,2.28837,-9999,-9999,0.336246E-02,0.935607E-02,-0.462903E-02,-0.473712E-01,-9999,-9999,0.656550,-9999,-9999,-9999,-9999,-9999,-9999,-9999,-9999,-9999,-9999,-9999,-9999,-9999,0.720484E-01,-2.89345,-0.787988,0.578068E-02,10.5193,-2.11384,-0.306965E-02,-4.62903,-0.473712E-01,-9999,-9999,0.585456E-02,10.5193,-2.18196,-0.316856E-02,-4.77767,-0.488977E-01,-9999,-9999,0.585456E-02,10.6184,-1.74306,-0.253122E-02,-4.28005,-0.390620E-01,-9999,-9999,10.0550,90.7995,-9999,-9999,-9999,-9999,-9999,-9999,-9999,-9999,-9999,-9999,-9999,-9999,-9999,-9999,-9999,-9999,-9999,1.01278,1.01856,1.03222,1.03222,1.03211,1.03222,-9999,-9999,0.725381E-02,0.771996E-02,0.857095E-02,0.975218E-02,0.111380E-01,0.125044E-01,0.135769E-01,0.141361E-01,0.139125E-01,0.124955E-01,1,6,0,2,10,5,-9999,-9999,0,0,0,0,0,-9999,-9999,1,9,0,4,17,11,-9999,-9999,0,0,0,0,0,0,-9999,-9999,800000001,800000001,800000011,800000000,800000000,800000011,-9999,-9999,81000,81000,80,81,0.00000,0.00000,0.00000,0.00000,2.25000,2.25000,-9999,-9999,4.92110,4.81274,5.44389,13.4393,17.5270,11.3506,-9999,-9999,322,1211,322,2397,3712,3655,-9999,-9999,0.488354E-02,0.571262E-02,0.530703E-01,0.530703E-01,0.638668E-01,0.530703E-01,-9999,-9999,1.62147,1.22650,1.03023,0.817247,-9999,-9999,30.0000,112.000,46.0000,54.0000,-9999,-9999,24.0000,23.0000,644.000,2,6,3,4,-9999,-9999,2,2,8,0,2,1,1,1,1,-9999,-9999,-9999,-9999,-9999,-9999,-9999,-9999,-9999,-9999,-9999,-9999,-9999,-9999,-9999,-9999,-9999,-9999,-9999,-9999,-9999,-9999,-9999,-9999,-9999,-9999,-9999,-9999,-9999,-9999,-9999,9999.00,44.0000,-9999,0,0,1,84.0353,-3.29836,-9999,0,0.00000,2,1,0,2,0,-9999,-9999,-9999,47.1158,8.53778,982.000,0.400000,0.270000,0.600000E-01,360.000,20.0000,30.0000,gill,r3_50_1,2.55000,uvw,axis,335.000,11.0000,12.5000,0.200000E-01,licor,li7500_1,28.8000,-17.5000,0.00000,-9999,-9999,-9999,0.950000,12.7000,0.100000,licor,li7500_1,28.8000,-17.5000,0.00000,-9999,-9999,-9999,-9999,-9999,0.950000,12.7000,0.100000,-9999,-9999,-9999,-9999,-9999,-9999,-9999,-9999,-9999,-9999,-9999,-9999,-9999,-9999,-9999,-9999,-9999,-9999,-9999,-9999,-9999,-9999,6,16.0000,4.02222,247.000,43.7500,282.762,1.34269,6,267.380,-9999,0.00000,0.00000,58.8680,10.0550
201710180230,201710180300,291.104,291.125,CH-FRU_201710180200.csv,0.00000,1,36000,36000,36000,34016,34016,34016,34016,34016,-9999,-9999,34016,34016,34016,34016,-9999,-9999,0.974958E-02,-3.32878,6.80801,0.988278E-02,-7.33192,0.152512,-9999,-9999,0.188907E-02,1.36137,1.28788,0.186954E-02,0.955956,0.288509E-01,-9999,-9999,-0.600207,-0.945479,-0.137250E-02,0.105821E-01,-0.211805E-01,-9999,-9999,-0.463523E-10,-0.896684E-12,-9999,-9999,0.376319E-01,1.21680,-0.350781E-01,1.21789,-0.205528E-13,-0.306585E-14,1.21789,2.00574,67.2072,12.3199,0.935177E-01,0.728582E-01,19.9881,0.114068,-0.488951,-0.316318E-01,12.3466,9.67850,90.7632,57.4140,0.259074E-01,1.11480,1125.30,1009.42,0.527040E-02,6.87921,11.9818,0.472765E-02,5.10255,1.64371,90.0753,1.10953,0.261052E-01,0.247720E+07,0.475010E-02,2,15.1189,395.003,391.690,2,292.475,7.63511,7.57725,-9999,-9999,-9999,-9999,-9999,-9999,-9999,-9999,2.50000,2.50000,0.250000,-0.974000,5.00000,-0.950000,0.250000,0.250000,-0.974000,5.00000,-9999,-9999,-9999,-9999,-9999,-9999,-9999,-9999,-9999,-9999,1.24127,0.104541E-01,0.102576E-01,12.3700,15.0958,323.171,-9999,-9999,1.02026,-0.139774,-0.690782E-01,11.5100,14.9387,313.732,-9999,-9999,1.44444,0.156188,0.806062E-01,13.1400,15.2936,334.192,-9999,-9999,0.281471,0.226694,0.122883,1.07150,0.217835,11.4364,-9999,-9999,-0.479613,-0.401940,-0.662074,0.282353E-01,0.296486,-0.375337E-01,-9999,-9999,2.81541,3.36485,4.52893,2.37600,2.13181,1.78300,-9999,-9999,0.860984E-02,-0.255643E-02,-0.670655E-02,0.143123,-9999,-9999,0.173937,-9999,-9999,-9999,-9999,-9999,-9999,-9999,-9999,-9999,-9999,-9999,-9999,-9999,0.929511E-01,22.7111,0.100391,0.963180E-02,-2.87675,6.38888,0.927437E-02,-6.70655,0.143123,-9999,-9999,0.974958E-02,-2.87675,6.89296,0.100061E-01,-7.23353,0.154415,-9999,-9999,0.974958E-02,-3.24887,6.82669,0.990990E-02,-7.33192,0.152931,-9999,-9999,9.67850,90.7632,-9999,-9999,-9999,-9999,-9999,-9999,-9999,-9999,-9999,-9999,-9999,-9999,-9999,-9999,-9999,-9999,-9999,1.01223,1.02460,1.07890,1.07890,1.07858,1.07890,-9999,-9999,-0.211830E-02,-0.165185E-02,-0.717088E-03,0.651061E-03,0.215754E-02,0.329731E-02,0.387041E-02,0.422254E-02,0.451431E-02,0.453802E-02,2,8,4,4,1,6,-9999,-9999,0,0,0,0,0,-9999,-9999,3,15,6,5,3,10,-9999,-9999,0,0,0,0,0,0,-9999,-9999,800000001,800000011,800000011,800000000,800000000,800000011,-9999,-9999,81100,81100,80,80,0.00000,0.00000,0.00000,0.00000,2.45000,0.200000,-9999,-9999,6.15607,6.48804,6.69491,14.4883,18.8175,18.6278,-9999,-9999,272,1017,272,1997,4685,4647,-9999,-9999,0.826866E-02,0.240320E-01,0.615040E-01,0.615040E-01,0.267625E-01,0.615040E-01,-9999,-9999,1.42992,1.78798,1.88064,2.12474,-9999,-9999,27.0000,110.000,17.0000,67.0000,-9999,-9999,8.00000,21.0000,1466.00,2,6,2,4,-9999,-9999,2,2,9,0,2,1,1,0,1,-9999,-9999,-9999,-9999,-9999,-9999,-9999,-9999,-9999,-9999,-9999,-9999,-9999,-9999,-9999,-9999,-9999,-9999,-9999,-9999,-9999,-9999,-9999,-9999,-9999,-9999,-9999,-9999,-9999,-9999,-9999,9999.00,44.0000,-9999,0,0,1,88.2286,-1.65048,-9999,0,0.00000,2,1,0,2,0,-9999,-9999,-9999,47.1158,8.53778,982.000,0.400000,0.270000,0.600000E-01,360.000,20.0000,30.0000,gill,r3_50_1,2.55000,uvw,axis,335.000,11.0000,12.5000,0.200000E-01,licor,li7500_1,28.8000,-17.5000,0.00000,-9999,-9999,-9999,0.950000,12.7000,0.100000,licor,li7500_1,28.8000,-17.5000,0.00000,-9999,-9999,-9999,-9999,-9999,0.950000,12.7000,0.100000,-9999,-9999,-9999,-9999,-9999,-9999,-9999,-9999,-9999,-9999,-9999,-9999,-9999,-9999,-9999,-9999,-9999,-9999,-9999,-9999,-9999,-9999,6,16.0000,5.44214,247.000,43.7500,282.591,1.34226,6,266.030,-9999,0.00000,0.00000,57.4140,9.67850
201710180300,201710180330,291.125,291.146,CH-FRU_201710180233.csv,0.00000,1,36000,36000,36000,36000,36000,36000,36000,36000,-9999,-9999,36000,36000,36000,36000,-9999,-9999,0.570943E-02,0.393741,-8.19480,-0.118970E-01,-3.96251,-0.183595,-9999,-9999,0.152877E-02,0.976239,2.12587,0.308628E-02,0.782291,0.476278E-01,-9999,-9999,0.146743,-0.438057,-0.635959E-03,-0.126547E-01,-0.981418E-02,-9999,-9999,0.354336E-10,0.669614E-12,-9999,-9999,0.254198,1.01859,-0.545314E-01,1.05124,-0.232038E-13,0.234627E-14,1.05124,1.86831,80.0159,9.55824,0.715806E-01,0.518330E-01,-75.7664,-0.300925E-01,-0.480477E-01,0.489088E-02,12.4051,9.77060,90.7455,55.6970,0.259209E-01,1.11430,1124.68,1009.32,0.514282E-02,6.71487,12.0561,0.461529E-02,5.34120,1.30672,90.0740,1.10916,0.261141E-01,0.247698E+07,0.463669E-02,2,15.1021,394.637,391.458,2,285.395,7.45282,7.39768,-9999,-9999,-9999,-9999,-9999,-9999,-9999,-9999,2.25000,2.25000,0.250000,-0.974000,5.00000,2.80000,2.80000,0.250000,-0.974000,5.00000,-9999,-9999,-9999,-9999,-9999,-9999,-9999,-9999,-9999,-9999,1.02717,0.207778E-02,0.303881E-02,12.6000,15.0457,309.139,-9999,-9999,0.864729,-0.109215,-0.614701E-01,11.8800,14.9696,304.637,-9999,-9999,1.22180,0.110324,0.658204E-01,13.0400,15.1969,316.944,-9999,-9999,0.261298,0.156787,0.103958,0.932707,0.190538,10.6796,-9999,-9999,0.337848,-0.989570E-01,-0.328456,-0.763238,1.16292,0.456369,-9999,-9999,2.86997,2.86469,4.33212,3.35191,3.98692,3.06025,-9999,-9999,0.503779E-02,-0.711788E-04,-0.377384E-02,-0.176238,-9999,-9999,1.63436,-9999,-9999,-9999,-9999,-9999,-9999,-9999,-9999,-9999,-9999,-9999,-9999,-9999,0.712366E-01,367.310,0.620728E-02,0.565469E-02,-0.800536E-01,-7.86641,-0.114202E-01,-3.77384,-0.176238,-9999,-9999,0.570943E-02,-0.800536E-01,-8.14993,-0.118318E-01,-3.90932,-0.182590,-9999,-9999,0.570943E-02,0.386946,-8.21391,-0.119247E-01,-3.96251,-0.184023,-9999,-9999,9.77060,90.7455,-9999,-9999,-9999,-9999,-9999,-9999,-9999,-9999,-9999,-9999,-9999,-9999,-9999,-9999,-9999,-9999,-9999,1.00968,1.01756,1.03604,1.03604,1.03590,1.03604,-9999,-9999,0.252759E-04,0.308785E-03,0.814378E-03,0.144076E-02,0.193942E-02,0.197275E-02,0.139123E-02,0.508923E-03,-0.254636E-03,-0.659667E-03,15,8,0,14,11,15,-9999,-9999,0,0,0,0,0,-9999,-9999,25,13,0,32,20,24,-9999,-9999,0,0,0,0,0,0,-9999,-9999,800000011,800000011,800000011,800000000,800000100,800000011,-9999,-9999,81100,81100,80,80,0.00000,0.00000,0.00000,0.00000,2.20000,2.75000,-9999,-9999,4.85335,5.70611,5.88040,17.4241,25.3425,19.5141,-9999,-9999,313,1214,313,3323,4252,4128,-9999,-9999,0.253288E-01,0.131463E-01,0.634131E-02,0.634131E-02,0.967437E-02,0.634131E-02,-9999,-9999,2.12476,2.18884,3.14378,2.83911,-9999,-9999,38.0000,23.0000,3.00000,15.0000,-9999,-9999,6.00000,15.0000,14608.0,3,2,1,1,-9999,-9999,1,1,9,1,0,0,0,0,0,-9999,-9999,-9999,-9999,-9999,-9999,-9999,-9999,-9999,-9999,-9999,-9999,-9999,-9999,-9999,-9999,-9999,-9999,-9999,-9999,-9999,-9999,-9999,-9999,-9999,-9999,-9999,-9999,-9999,-9999,-9999,9999.00,44.0000,-9999,0,0,1,75.9875,-2.97346,-9999,0,0.00000,2,1,0,2,0,-9999,-9999,-9999,47.1158,8.53778,982.000,0.400000,0.270000,0.600000E-01,360.000,20.0000,30.0000,gill,r3_50_1,2.55000,uvw,axis,335.000,11.0000,12.5000,0.200000E-01,licor,li7500_1,28.8000,-17.5000,0.00000,-9999,-9999,-9999,0.950000,12.7000,0.100000,licor,li7500_1,28.8000,-17.5000,0.00000,-9999,-9999,-9999,-9999,-9999,0.950000,12.7000,0.100000,-9999,-9999,-9999,-9999,-9999,-9999,-9999,-9999,-9999,-9999,-9999,-9999,-9999,-9999,-9999,-9999,-9999,-9999,-9999,-9999,-9999,-9999,6,16.0000,4.57000,247.000,43.7500,282.545,1.33673,6,265.670,-9999,0.00000,0.00000,55.6970,9.77060
201710180330,201710180400,291.146,291.167,CH-FRU_201710180233.csv,0.00000,1,36000,36000,36000,36000,36000,36000,36000,36000,-9999,-9999,36000,36000,36000,36000,-9999,-9999,0.282662E-02,-4.53603,-5.99988,-0.870538E-02,-3.65126,-0.134342,-9999,-9999,0.701645E-03,1.09161,1.16862,0.169559E-02,0.662778,0.261665E-01,-9999,-9999,-0.970379,0.479579,0.695835E-03,-0.165903E-01,0.107382E-01,-9999,-9999,0.125682E-09,0.243994E-11,-9999,-9999,0.664038,0.910783,-0.487950E-01,1.12821,-0.834143E-13,0.831185E-14,1.12821,1.82609,100.505,16.2357,0.503168E-01,0.755148E-01,2.28418,0.998168,0.756020,-0.799928E-01,12.6617,9.16280,90.7329,59.5510,0.258688E-01,1.11646,1126.97,1009.41,0.528976E-02,6.89189,11.5731,0.473798E-02,4.68120,1.66943,90.0437,1.11117,0.260668E-01,0.247842E+07,0.476053E-02,2,15.1208,394.331,391.155,2,293.549,7.65187,7.59377,-9999,-9999,-9999,-9999,-9999,-9999,-9999,-9999,2.20000,2.20000,0.250000,-0.974000,5.00000,2.20000,2.20000,0.250000,-0.974000,5.00000,-9999,-9999,-9999,-9999,-9999,-9999,-9999,-9999,-9999,-9999,1.12630,0.345466E-01,0.387338E-02,12.9100,15.0389,309.665,-9999,-9999,0.982918,-0.267318,-0.488640E-01,12.0800,14.9339,303.077,-9999,-9999,1.26211,0.279112,0.525363E-01,13.4600,15.2617,316.792,-9999,-9999,0.190480,0.328329,0.833479E-01,1.04044,0.248772,10.4418,-9999,-9999,0.113959,-0.185624,-0.247241,-0.900709,1.11863,0.809837,-9999,-9999,2.47465,2.01197,4.17249,3.29755,3.67927,3.25325,-9999,-9999,0.881197E-03,-0.397111E-02,-0.259689E-02,-0.990302E-01,-9999,-9999,2.40407,-9999,-9999,-9999,-9999,-9999,-9999,-9999,-9999,-9999,-9999,-9999,-9999,-9999,0.493581E-01,2.18534,1.04331,0.271994E-02,-4.47532,-4.42280,-0.641715E-02,-2.59689,-0.990302E-01,-9999,-9999,0.282662E-02,-4.47532,-5.76739,-0.836806E-02,-3.38313,-0.129137,-9999,-9999,0.282662E-02,-4.20194,-5.99736,-0.870172E-02,-3.65126,-0.134286,-9999,-9999,9.16280,90.7329,-9999,-9999,-9999,-9999,-9999,-9999,-9999,-9999,-9999,-9999,-9999,-9999,-9999,-9999,-9999,-9999,-9999,1.03922,1.07951,1.30401,1.30401,1.30276,1.30401,-9999,-9999,-0.662835E-02,-0.625592E-02,-0.564685E-02,-0.486364E-02,-0.398785E-02,-0.321640E-02,-0.277246E-02,-0.254470E-02,-0.226858E-02,-0.197139E-02,12,1,2,22,45,17,-9999,-9999,0,0,0,0,0,-9999,-9999,20,2,2,38,76,23,-9999,-9999,0,0,0,0,0,0,-9999,-9999,800000011,800000011,800000011,800000000,800000000,800000011,-9999,-9999,80000,80000,80,81,0.00000,0.00000,0.00000,0.00000,2.15000,2.15000,-9999,-9999,4.86199,5.46361,6.29663,22.0494,34.9104,31.6772,-9999,-9999,310,1213,310,2980,2633,2537,-9999,-9999,0.839120E-02,0.399900E-02,0.357772E-01,0.357772E-01,0.411556E-01,0.357772E-01,-9999,-9999,1.19714,1.98482,1.87530,1.78948,-9999,-9999,29.0000,4.00000,14.0000,6.00000,-9999,-9999,7.00000,6.00000,833.000,2,1,1,1,-9999,-9999,1,1,8,0,0,0,0,0,0,-9999,-9999,-9999,-9999,-9999,-9999,-9999,-9999,-9999,-9999,-9999,-9999,-9999,-9999,-9999,-9999,-9999,-9999,-9999,-9999,-9999,-9999,-9999,-9999,-9999,-9999,-9999,-9999,-9999,-9999,-9999,9999.00,44.0000,-9999,0,0,1,53.9048,-2.47882,-9999,0,0.00000,2,1,0,2,0,-9999,-9999,-9999,47.1158,8.53778,982.000,0.400000,0.270000,0.600000E-01,360.000,20.0000,30.0000,gill,r3_50_1,2.55000,uvw,axis,335.000,11.0000,12.5000,0.200000E-01,licor,li7500_1,28.8000,-17.5000,0.00000,-9999,-9999,-9999,0.950000,12.7000,0.100000,licor,li7500_1,28.8000,-17.5000,0.00000,-9999,-9999,-9999,-9999,-9999,0.950000,12.7000,0.100000,-9999,-9999,-9999,-9999,-9999,-9999,-9999,-9999,-9999,-9999,-9999,-9999,-9999,-9999,-9999,-9999,-9999,-9999,-9999,-9999,-9999,-9999,6,16.0000,2.34778,247.000,43.7500,282.159,1.34195,6,265.690,-9999,0.00000,0.00000,59.5510,9.16280
201710180400,201710180430,291.167,291.187,CH-FRU_201710180233.csv,0.00000,1,36000,36000,36000,36000,36000,36000,36000,36000,-9999,-9999,36000,36000,36000,36000,-9999,-9999,0.426214E-02,-16.6891,6.18889,0.898064E-02,4.99808,0.138590,-9999,-9999,0.112049E-02,1.80124,0.607413,0.881410E-03,0.407172,0.136020E-01,-9999,-9999,0.185394,-0.523709,-0.759948E-03,0.845584E-01,-0.117276E-01,-9999,-9999,0.248787E-10,0.467512E-12,-9999,-9999,0.977347,0.648160,-0.374847E-01,1.17334,-0.661493E-14,0.163991E-14,1.17334,2.33384,122.079,12.3228,0.618036E-01,0.746954E-01,1.15025,1.98219,-2.69663,-0.239773,13.0380,9.27900,90.7122,57.4060,0.258853E-01,1.11584,1126.21,1009.29,0.513721E-02,6.69588,11.6641,0.460391E-02,4.96820,1.26733,90.0426,1.11070,0.260778E-01,0.247814E+07,0.462520E-02,2,15.1708,395.819,392.700,2,285.084,7.43434,7.37948,-9999,-9999,-9999,-9999,-9999,-9999,-9999,-9999,0.300000,0.300000,0.250000,-0.974000,5.00000,0.250000,0.250000,0.250000,-0.974000,5.00000,-9999,-9999,-9999,-9999,-9999,-9999,-9999,-9999,-9999,-9999,1.13385,0.187928E-01,-0.766380E-03,13.2400,15.1209,302.807,-9999,-9999,0.984784,-0.157283,-0.465627E-01,12.3400,14.9968,298.200,-9999,-9999,1.35085,0.160933,0.470965E-01,13.8600,15.3118,309.851,-9999,-9999,0.290810,0.242226,0.784031E-01,1.12236,0.236378,8.58321,-9999,-9999,0.454831,-0.324999E-01,0.423238E-01,-0.796748,0.977673,0.760653,-9999,-9999,3.34919,3.04614,4.80601,3.50284,3.96266,3.37793,-9999,-9999,0.302319E-02,-0.130111E-01,0.400826E-02,0.106382,-9999,-9999,1.82338,-9999,-9999,-9999,-9999,-9999,-9999,-9999,-9999,-9999,-9999,-9999,-9999,-9999,0.600271E-01,1.20031,1.89951,0.402064E-02,-14.6533,4.75063,0.689358E-02,4.00826,0.106382,-9999,-9999,0.426214E-02,-14.6533,6.81118,0.988362E-02,5.73964,0.152524,-9999,-9999,0.426214E-02,-14.9013,6.27098,0.909976E-02,4.99808,0.140428,-9999,-9999,9.27900,90.7122,-9999,-9999,-9999,-9999,-9999,-9999,-9999,-9999,-9999,-9999,-9999,-9999,-9999,-9999,-9999,-9999,-9999,1.06006,1.11998,1.43374,1.43374,1.43195,1.43374,-9999,-9999,-0.151028E-01,-0.146043E-01,-0.137818E-01,-0.127106E-01,-0.114337E-01,-0.101268E-01,-0.905143E-02,-0.827904E-02,-0.767475E-02,-0.678819E-02,6,2,2,19,21,5,-9999,-9999,0,0,0,0,0,-9999,-9999,11,5,3,32,40,13,-9999,-9999,0,0,0,0,0,0,-9999,-9999,800000011,800000011,800000011,800000000,800000000,800000011,-9999,-9999,80000,80000,80,80,0.00000,0.00000,0.00000,0.00000,0.250000,0.200000,-9999,-9999,8.11910,7.48498,9.48280,37.2723,49.0480,44.7877,-9999,-9999,555,1648,555,3352,4098,4014,-9999,-9999,0.219841E-01,0.329568E-01,0.159902E-01,0.159902E-01,0.454210E-01,0.159902E-01,-9999,-9999,1.37846,1.10935,1.29621,1.30092,-9999,-9999,57.0000,16.0000,6.00000,29.0000,-9999,-9999,37.0000,26.0000,334.000,4,2,1,2,-9999,-9999,3,2,7,1,0,0,0,0,0,-9999,-9999,-9999,-9999,-9999,-9999,-9999,-9999,-9999,-9999,-9999,-9999,-9999,-9999,-9999,-9999,-9999,-9999,-9999,-9999,-9999,-9999,-9999,-9999,-9999,-9999,-9999,-9999,-9999,-9999,-9999,9999.00,44.0000,-9999,0,0,1,33.5517,-1.83074,-9999,0,0.00000,2,1,0,2,0,-9999,-9999,-9999,47.1158,8.53778,982.000,0.400000,0.270000,0.600000E-01,360.000,20.0000,30.0000,gill,r3_50_1,2.55000,uvw,axis,335.000,11.0000,12.5000,0.200000E-01,licor,li7500_1,28.8000,-17.5000,0.00000,-9999,-9999,-9999,0.950000,12.7000,0.100000,licor,li7500_1,28.8000,-17.5000,0.00000,-9999,-9999,-9999,-9999,-9999,0.950000,12.7000,0.100000,-9999,-9999,-9999,-9999,-9999,-9999,-9999,-9999,-9999,-9999,-9999,-9999,-9999,-9999,-9999,-9999,-9999,-9999,-9999,-9999,-9999,-9999,6,16.0000,4.43889,247.000,43.7500,281.474,1.34171,6,263.840,-9999,0.00000,0.00000,57.4060,9.27900
201710180430,201710180500,291.187,291.208,CH-FRU_201710180233.csv,0.00000,1,36000,36000,36000,36000,36000,36000,36000,36000,-9999,-9999,36000,36000,36000,36000,-9999,-9999,-0.183759E-01,-17.6912,7.33525,0.106587E-01,1.28250,0.164486,-9999,-9999,0.132035E-02,3.72400,1.49838,0.217725E-02,0.698395,0.335996E-01,-9999,-9999,2.26973,-0.742614,-0.107907E-02,-0.149796E-01,-0.166524E-01,-9999,-9999,0.202094E-09,0.364284E-11,-9999,-9999,0.901596,-0.225425E-01,0.571014E-02,0.901895,0.303449E-12,0.133996E-13,0.901895,2.01960,159.632,26.6226,0.128652,0.145868,9.78669,0.232969,-2.41181,-0.122736,13.6191,10.7090,90.7024,49.9950,0.260192E-01,1.11022,1120.39,1009.16,0.489895E-02,6.41768,12.8366,0.441258E-02,6.41896,0.678321,90.0606,1.10532,0.262046E-01,0.247475E+07,0.443214E-02,2,15.0821,395.488,392.425,2,271.862,7.12403,7.07363,-9999,-9999,-9999,-9999,-9999,-9999,-9999,-9999,0.400000,0.400000,0.250000,-0.974000,5.00000,0.300000,0.300000,0.250000,-0.974000,5.00000,-9999,-9999,-9999,-9999,-9999,-9999,-9999,-9999,-9999,-9999,0.892940,-0.135081,0.126794E-01,13.6700,15.0263,298.592,-9999,-9999,0.755561,-0.374450,-0.528968E-01,13.1400,14.9520,292.385,-9999,-9999,1.04824,0.329274,0.563506E-01,14.1300,15.1950,302.212,-9999,-9999,0.219425,0.484866,0.921582E-01,0.725526,0.178259,6.60415,-9999,-9999,0.111521,0.652351,-0.538495,-0.951989,2.07175,0.111984,-9999,-9999,2.88282,2.78222,4.31461,7.47780,14.2726,4.23705,-9999,-9999,-0.128762E-02,-0.149365E-01,0.188377E-02,0.163367,-9999,-9999,0.702606,-9999,-9999,-9999,-9999,-9999,-9999,-9999,-9999,-9999,-9999,-9999,-9999,-9999,0.127618,10.0986,0.225774,-0.180816E-01,-16.7348,7.28538,0.105862E-01,1.88377,0.163367,-9999,-9999,-0.183759E-01,-16.7348,7.95776,0.115632E-01,2.05692,0.178444,-9999,-9999,-0.183759E-01,-17.1316,7.37197,0.107121E-01,1.28250,0.165309,-9999,-9999,10.7090,90.7024,-9999,-9999,-9999,-9999,-9999,-9999,-9999,-9999,-9999,-9999,-9999,-9999,-9999,-9999,-9999,-9999,-9999,1.01628,1.03266,1.09229,1.09229,1.09191,1.09229,-9999,-9999,-0.138404E-01,-0.136627E-01,-0.132471E-01,-0.125426E-01,-0.116560E-01,-0.107951E-01,-0.101660E-01,-0.975363E-02,-0.940506E-02,-0.911209E-02,11,4,2,17,21,37,-9999,-9999,0,0,0,0,0,-9999,-9999,22,11,2,32,35,69,-9999,-9999,0,0,0,0,0,0,-9999,-9999,800000011,800000001,800000011,800001101,800001100,800001111,-9999,-9999,80000,80000,80,81,0.00000,0.00000,0.00000,0.00000,0.350000,0.250000,-9999,-9999,7.21523,9.17036,12.1941,188.698,203.870,73.8558,-9999,-9999,868,2210,868,6077,4606,4489,-9999,-9999,0.477307E-01,0.195715E-02,0.233348E-02,0.233348E-02,0.299903E-01,0.233348E-02,-9999,-9999,1.37263,1.39326,1.00918,1.27155,-9999,-9999,67.0000,52.0000,17.0000,84.0000,-9999,-9999,45.0000,55.0000,205.000,4,4,2,5,-9999,-9999,4,4,6,1,1,1,1,1,1,-9999,-9999,-9999,-9999,-9999,-9999,-9999,-9999,-9999,-9999,-9999,-9999,-9999,-9999,-9999,-9999,-9999,-9999,-9999,-9999,-9999,-9999,-9999,-9999,-9999,-9999,-9999,-9999,-9999,-9999,-9999,9999.00,44.0000,-9999,0,0,1,358.568,0.362757,-9999,0,0.00000,2,1,0,2,0,-9999,-9999,-9999,47.1158,8.53778,982.000,0.400000,0.270000,0.600000E-01,360.000,20.0000,30.0000,gill,r3_50_1,2.55000,uvw,axis,335.000,11.0000,12.5000,0.200000E-01,licor,li7500_1,28.8000,-17.5000,0.00000,-9999,-9999,-9999,0.950000,12.7000,0.100000,licor,li7500_1,28.8000,-17.5000,0.00000,-9999,-9999,-9999,-9999,-9999,0.950000,12.7000,0.100000,-9999,-9999,-9999,-9999,-9999,-9999,-9999,-9999,-9999,-9999,-9999,-9999,-9999,-9999,-9999,-9999,-9999,-9999,-9999,-9999,-9999,-9999,6,16.0000,4.94000,247.000,43.7500,281.671,1.35112,6,263.210,-9999,0.00000,0.00000,49.9950,10.7090
201710180500,201710180530,291.208,291.229,CH-FRU_201710180233.csv,0.00000,1,36000,36000,36000,36000,36000,36000,36000,36000,-9999,-9999,36000,36000,36000,36000,-9999,-9999,0.145730E-01,-3.73028,2.82614,0.410406E-02,-0.378774E-01,0.633343E-01,-9999,-9999,0.117223E-02,0.783813,1.14701,0.166567E-02,0.174672,0.257048E-01,-9999,-9999,-1.02295,1.07810,0.156560E-02,0.655847E-01,0.241605E-01,-9999,-9999,0.108106E-09,0.206432E-11,-9999,-9999,1.33882,-0.198746,0.577947E-01,1.35473,-0.992594E-13,0.712989E-14,1.35473,2.41870,164.225,18.1033,0.114450,0.163308,32.6792,0.697692E-01,-1.31992,-0.290235E-01,13.0412,10.0660,90.7010,55.4540,0.259607E-01,1.11254,1122.99,1009.39,0.521732E-02,6.81926,12.2971,0.468956E-02,5.47789,1.52162,90.0191,1.10732,0.261573E-01,0.247628E+07,0.471165E-02,2,15.1624,396.923,393.627,2,289.530,7.57330,7.51638,-9999,-9999,-9999,-9999,-9999,-9999,-9999,-9999,-0.950000,0.250000,0.250000,-0.974000,5.00000,0.350000,0.350000,0.250000,-0.974000,5.00000,-9999,-9999,-9999,-9999,-9999,-9999,-9999,-9999,-9999,-9999,1.34815,-0.161788,0.312252E-02,13.1200,15.1423,321.519,-9999,-9999,1.19038,-0.348237,-0.375450E-01,12.7500,15.0555,318.208,-9999,-9999,1.58871,0.317981,0.422432E-01,13.4100,15.2396,324.271,-9999,-9999,0.306796,0.477374,0.678681E-01,0.547028,0.142892,6.61326,-9999,-9999,-0.548293,0.968981,-0.394737,-0.795235,1.06075,-0.962716,-9999,-9999,3.32962,2.93252,4.32451,3.89190,4.60307,2.99512,-9999,-9999,0.134232E-02,-0.311056E-02,0.107234E-03,0.617508E-01,-9999,-9999,0.454625,-9999,-9999,-9999,-9999,-9999,-9999,-9999,-9999,-9999,-9999,-9999,-9999,-9999,0.113820,34.3247,0.664244E-01,0.144130E-01,-3.49311,2.75548,0.400145E-02,0.107234,0.617508E-01,-9999,-9999,0.145730E-01,-3.49311,2.95642,0.429325E-02,0.115022,0.662540E-01,-9999,-9999,0.145730E-01,-3.64870,2.83585,0.411816E-02,-0.378774E-01,0.635519E-01,-9999,-9999,10.0660,90.7010,-9999,-9999,-9999,-9999,-9999,-9999,-9999,-9999,-9999,-9999,-9999,-9999,-9999,-9999,-9999,-9999,-9999,1.01110,1.02236,1.07292,1.07292,1.07263,1.07292,-9999,-9999,-0.288002E-02,-0.264077E-02,-0.226045E-02,-0.176859E-02,-0.120358E-02,-0.654520E-03,-0.202586E-03,0.143873E-03,0.429045E-03,0.612738E-03,2,0,2,35,41,30,-9999,-9999,0,0,0,0,0,-9999,-9999,5,0,2,65,66,54,-9999,-9999,0,0,0,0,0,0,-9999,-9999,800000011,800000001,800000011,800000101,800000100,800000011,-9999,-9999,80000,80000,80,80,0.00000,0.00000,0.00000,0.00000,0.200000,0.300000,-9999,-9999,6.26345,6.39165,8.02444,24.2064,23.9353,8.77019,-9999,-9999,815,2215,814,5476,4621,4509,-9999,-9999,0.508029E-01,0.268617E-01,0.172286E-01,0.172286E-01,0.215939E-01,0.172286E-01,-9999,-9999,0.995233,2.43134,2.54559,2.84983,-9999,-9999,53.0000,35.0000,36.0000,89.0000,-9999,-9999,16.0000,63.0000,625.000,4,3,3,5,-9999,-9999,4,4,8,1,1,1,1,1,1,-9999,-9999,-9999,-9999,-9999,-9999,-9999,-9999,-9999,-9999,-9999,-9999,-9999,-9999,-9999,-9999,-9999,-9999,-9999,-9999,-9999,-9999,-9999,-9999,-9999,-9999,-9999,-9999,-9999,-9999,-9999,9999.00,44.0000,-9999,0,0,1,351.556,2.44507,-9999,0,0.00000,2,1,0,2,0,-9999,-9999,-9999,47.1158,8.53778,982.000,0.400000,0.270000,0.600000E-01,360.000,20.0000,30.0000,gill,r3_50_1,2.55000,uvw,axis,335.000,11.0000,12.5000,0.200000E-01,licor,li7500_1,28.8000,-17.5000,0.00000,-9999,-9999,-9999,0.950000,12.7000,0.100000,licor,li7500_1,28.8000,-17.5000,0.00000,-9999,-9999,-9999,-9999,-9999,0.950000,12.7000,0.100000,-9999,-9999,-9999,-9999,-9999,-9999,-9999,-9999,-9999,-9999,-9999,-9999,-9999,-9999,-9999,-9999,-9999,-9999,-9999,-9999,-9999,-9999,6,16.0000,4.96333,247.000,43.7500,281.346,1.34408,6,261.530,-9999,0.00000,0.00000,55.4540,10.0660
201710180530,201710180600,291.229,291.250,CH-FRU_201710180233.csv,0.00000,1,36000,36000,36000,34645,34645,34645,34645,34645,-9999,-9999,34645,34645,34645,34645,-9999,-9999,-0.275794E-01,8.18216,23.8090,0.345595E-01,0.145861,0.533326,-9999,-9999,0.290302E-03,6.05112,5.29794,0.769010E-02,0.553976,0.118674,-9999,-9999,-0.750346,2.60530,0.378167E-02,0.121563,0.583591E-01,-9999,-9999,-0.176808E-09,-0.383408E-11,-9999,-9999,1.71556,0.221205,0.593244E-01,1.73078,0.119066E-12,-0.115764E-13,1.73078,2.89022,147.297,23.9843,0.157350,0.324930,-38.7223,-0.588808E-01,0.343658,0.462215E-01,12.7571,9.59520,90.6983,65.3610,0.259183E-01,1.11391,1125.01,1009.96,0.596818E-02,7.78770,11.9149,0.535787E-02,4.12720,3.38736,89.9195,1.10794,0.261427E-01,0.247739E+07,0.538674E-02,2,15.2731,399.678,395.851,2,331.198,8.65840,8.58407,-9999,-9999,-9999,-9999,-9999,-9999,-9999,-9999,-0.950000,0.250000,0.250000,-0.974000,5.00000,-0.950000,0.250000,0.250000,-0.974000,5.00000,-9999,-9999,-9999,-9999,-9999,-9999,-9999,-9999,-9999,-9999,1.69523,0.940570E-01,0.663798E-02,12.9800,15.2237,367.237,-9999,-9999,1.52169,-0.698799,-0.580683E-01,12.2900,15.1063,353.339,-9999,-9999,1.92434,0.678507,0.621717E-01,13.4400,15.4074,390.580,-9999,-9999,0.283239,0.747795,0.102167,0.941118,0.213636,21.1723,-9999,-9999,0.322647,-0.229513,-0.291986,-1.05573,0.841187,-0.267214,-9999,-9999,2.57010,1.76696,4.42293,3.71639,3.15340,1.91363,-9999,-9999,-0.319801E-03,0.833448E-02,-0.436595E-03,0.495648,-9999,-9999,-0.394815,-9999,-9999,-9999,-9999,-9999,-9999,-9999,-9999,-9999,-9999,-9999,-9999,-9999,0.156540,-33.2709,-0.685285E-01,-0.272960E-01,9.37639,22.1270,0.321180E-01,-0.436595,0.495648,-9999,-9999,-0.275794E-01,9.37639,23.2243,0.337108E-01,-0.458162,0.520228,-9999,-9999,-0.275794E-01,8.03545,23.8650,0.346408E-01,0.145861,0.534580,-9999,-9999,9.59520,90.6983,-9999,-9999,-9999,-9999,-9999,-9999,-9999,-9999,-9999,-9999,-9999,-9999,-9999,-9999,-9999,-9999,-9999,1.01038,1.01826,1.04959,1.04959,1.04940,1.04959,-9999,-9999,0.928999E-02,0.999687E-02,0.112163E-01,0.128103E-01,0.145944E-01,0.164463E-01,0.180460E-01,0.189673E-01,0.191092E-01,0.182255E-01,2,0,4,39,39,0,-9999,-9999,0,0,0,0,0,-9999,-9999,4,0,4,77,72,0,-9999,-9999,0,0,0,0,0,0,-9999,-9999,800000001,800000001,800000011,800000100,800000000,800000011,-9999,-9999,81000,81000,80,81,0.00000,0.00000,0.00000,0.00000,0.200000,0.200000,-9999,-9999,5.07975,5.55054,6.95164,23.4344,21.9948,27.1504,-9999,-9999,243,945,243,2952,5097,5048,-9999,-9999,0.864316E-02,0.161374E-01,0.430322E-02,0.430322E-02,0.166182E-02,0.430322E-02,-9999,-9999,0.853157,2.24724,1.91210,1.61827,-9999,-9999,53.0000,145.000,244.000,106.000,-9999,-9999,41.0000,58.0000,804.000,4,6,6,6,-9999,-9999,4,4,8,1,2,2,2,2,2,-9999,-9999,-9999,-9999,-9999,-9999,-9999,-9999,-9999,-9999,-9999,-9999,-9999,-9999,-9999,-9999,-9999,-9999,-9999,-9999,-9999,-9999,-9999,-9999,-9999,-9999,-9999,-9999,-9999,-9999,-9999,9999.00,44.0000,-9999,0,0,1,7.34721,1.96427,-9999,0,0.00000,2,1,0,2,0,-9999,-9999,-9999,47.1158,8.53778,982.000,0.400000,0.270000,0.600000E-01,360.000,20.0000,30.0000,gill,r3_50_1,2.55000,uvw,axis,335.000,11.0000,12.5000,0.200000E-01,licor,li7500_1,28.8000,-17.5000,0.00000,-9999,-9999,-9999,0.950000,12.7000,0.100000,licor,li7500_1,28.8000,-17.5000,0.00000,-9999,-9999,-9999,-9999,-9999,0.950000,12.7000,0.100000,-9999,-9999,-9999,-9999,-9999,-9999,-9999,-9999,-9999,-9999,-9999,-9999,-9999,-9999,-9999,-9999,-9999,-9999,-9999,-9999,-9999,-9999,6,16.0000,5.51537,247.000,43.7500,281.585,1.34128,6,261.270,-9999,0.00000,0.00000,65.3610,9.59520
201710180600,201710180630,291.250,291.271,CH-FRU_201710180532.csv,0.00000,1,36000,36000,36000,36000,36000,36000,36000,36000,-9999,-9999,36000,36000,36000,36000,-9999,-9999,0.148830E-01,-4.88531,0.338874,0.491798E-03,0.321448,0.758948E-02,-9999,-9999,0.136194E-02,1.37040,0.355015,0.515222E-03,0.378905,0.795096E-02,-9999,-9999,-0.295773,1.62789,0.236251E-02,0.144269E-01,0.364585E-01,-9999,-9999,-0.179346E-09,-0.418842E-11,-9999,-9999,1.62197,0.317031,0.344517E-01,1.65302,0.389788E-13,-0.117309E-13,1.65302,2.88834,143.484,14.1686,0.115585,0.121858,25.7031,0.887053E-01,-14.4163,-0.375529E-01,12.5815,9.40970,90.6686,71.2990,0.259097E-01,1.11399,1125.50,1010.33,0.643390E-02,8.38989,11.7672,0.577553E-02,3.37730,4.44644,89.8296,1.10756,0.261517E-01,0.247783E+07,0.580908E-02,2,15.2883,400.266,396.115,2,357.042,9.33725,9.25087,-9999,-9999,-9999,-9999,-9999,-9999,-9999,-9999,-0.950000,0.250000,0.250000,-0.974000,5.00000,-0.950000,0.250000,0.250000,-0.974000,5.00000,-9999,-9999,-9999,-9999,-9999,-9999,-9999,-9999,-9999,-9999,1.65092,0.358312E-01,0.515662E-02,12.7500,15.2505,400.443,-9999,-9999,1.48683,-0.302040,-0.571591E-01,11.9100,15.1108,399.577,-9999,-9999,1.80586,0.326080,0.620620E-01,13.3600,15.4372,401.371,-9999,-9999,0.246593,0.416568,0.968415E-01,0.987610,0.220207,1.71645,-9999,-9999,0.365172,-0.299992,-0.398708,-0.571351,0.639427,-0.991876,-9999,-9999,3.82479,2.50174,4.47977,2.69218,2.77217,4.44767,-9999,-9999,0.407587E-02,-0.422049E-02,0.503185E-03,0.118219E-01,-9999,-9999,-0.171278,-9999,-9999,-9999,-9999,-9999,-9999,-9999,-9999,-9999,-9999,-9999,-9999,-9999,0.114903,25.9693,0.877959E-01,0.147078E-01,-4.75018,0.527853,0.766057E-03,0.503185,0.118219E-01,-9999,-9999,0.148830E-01,-4.75018,0.580635,0.842657E-03,0.553294,0.130040E-01,-9999,-9999,0.148830E-01,-4.76755,0.345711,0.501721E-03,0.321448,0.774260E-02,-9999,-9999,9.40970,90.6686,-9999,-9999,-9999,-9999,-9999,-9999,-9999,-9999,-9999,-9999,-9999,-9999,-9999,-9999,-9999,-9999,-9999,1.01191,1.02470,1.09999,1.09999,1.09958,1.09999,-9999,-9999,-0.384510E-02,-0.324713E-02,-0.223201E-02,-0.938833E-03,0.494689E-03,0.206631E-02,0.382674E-02,0.572783E-02,0.731745E-02,0.790683E-02,5,0,2,2,5,14,-9999,-9999,0,0,0,0,0,-9999,-9999,8,0,2,4,7,21,-9999,-9999,0,0,0,0,0,0,-9999,-9999,800000011,800000000,800000011,800000000,800000000,800000011,-9999,-9999,80000,80000,80,80,0.00000,0.00000,0.00000,0.00000,0.200000,0.200000,-9999,-9999,4.89046,5.69803,6.72681,14.9858,19.6582,3.72166,-9999,-9999,260,1072,260,2505,3001,2967,-9999,-9999,0.176987E-01,0.270453E-01,0.129121E-01,0.129121E-01,0.188192E-01,0.129121E-01,-9999,-9999,0.795708,1.83419,1.81368,1.81858,-9999,-9999,60.0000,209.000,433.000,91.0000,-9999,-9999,33.0000,48.0000,945.000,4,6,7,5,-9999,-9999,3,3,8,1,2,1,1,2,1,-9999,-9999,-9999,-9999,-9999,-9999,-9999,-9999,-9999,-9999,-9999,-9999,-9999,-9999,-9999,-9999,-9999,-9999,-9999,-9999,-9999,-9999,-9999,-9999,-9999,-9999,-9999,-9999,-9999,-9999,-9999,9999.00,44.0000,-9999,0,0,1,11.0596,1.19422,-9999,0,0.00000,2,1,0,2,0,-9999,-9999,-9999,47.1158,8.53778,982.000,0.400000,0.270000,0.600000E-01,360.000,20.0000,30.0000,gill,r3_50_1,2.55000,uvw,axis,335.000,11.0000,12.5000,0.200000E-01,licor,li7500_1,28.8000,-17.5000,0.00000,-9999,-9999,-9999,0.950000,12.7000,0.100000,licor,li7500_1,28.8000,-17.5000,0.00000,-9999,-9999,-9999,-9999,-9999,0.950000,12.7000,0.100000,-9999,-9999,-9999,-9999,-9999,-9999,-9999,-9999,-9999,-9999,-9999,-9999,-9999,-9999,-9999,-9999,-9999,-9999,-9999,-9999,-9999,-9999,6,16.0000,3.24000,247.000,43.7500,281.883,1.33905,6,261.250,-9999,0.134200E-01,0.00000,71.2990,9.40970
201710180630,201710180700,291.271,291.292,CH-FRU_201710180532.csv,8.49901,1,36000,36000,36000,36000,36000,36000,36000,36000,-9999,-9999,36000,36000,36000,36000,-9999,-9999,0.527230E-02,-0.599681,1.76983,0.256890E-02,-0.303478,0.396435E-01,-9999,-9999,0.110733E-02,1.91015,1.06420,0.154469E-02,0.194703,0.238377E-01,-9999,-9999,0.255911,0.665006,0.965251E-03,0.221868,0.148959E-01,-9999,-9999,-0.120846E-09,-0.287592E-11,-9999,-9999,0.810222,-0.519002,0.547347E-01,0.963752,0.825083E-13,-0.782954E-14,0.963752,2.12786,187.589,15.6653,0.688220E-01,0.974547E-01,44.1999,0.515838E-01,-0.338835,-0.774671E-02,12.0652,9.57030,90.6591,72.6040,0.259272E-01,1.11313,1124.80,1010.48,0.661905E-02,8.63623,11.8950,0.594634E-02,3.25875,4.86041,89.7955,1.10651,0.261765E-01,0.247745E+07,0.598191E-02,2,15.4346,404.496,400.176,2,367.317,9.61506,9.52349,-9999,-9999,-9999,-9999,-9999,-9999,-9999,-9999,-0.950000,0.250000,0.250000,-0.974000,5.00000,3.70000,3.70000,0.250000,-0.974000,5.00000,-9999,-9999,-9999,-9999,-9999,-9999,-9999,-9999,-9999,-9999,0.906389,0.477090E-02,0.366838E-02,12.0900,15.4173,411.710,-9999,-9999,0.775462,-0.137069,-0.345044E-01,11.8000,15.3122,408.486,-9999,-9999,1.15512,0.125755,0.401913E-01,12.3700,15.5770,416.791,-9999,-9999,0.263340,0.345539,0.785112E-01,0.656809,0.219860,6.41036,-9999,-9999,0.561822,0.551959,-0.391510,-0.625816,0.355953,-0.374923,-9999,-9999,2.98859,6.53030,6.97105,5.19454,3.47841,2.78785,-9999,-9999,0.949826E-03,-0.433848E-03,-0.277789E-03,0.382378E-01,-9999,-9999,-0.474705E-01,-9999,-9999,-9999,-9999,-9999,-9999,-9999,-9999,-9999,-9999,-9999,-9999,-9999,0.684528E-01,53.4466,0.426594E-01,0.521588E-02,-0.487993,1.70708,0.247781E-02,-0.277789,0.382378E-01,-9999,-9999,0.527230E-02,-0.487993,1.78390,0.258931E-02,-0.290239,0.399585E-01,-9999,-9999,0.527230E-02,-0.587793,1.77565,0.257734E-02,-0.303478,0.397738E-01,-9999,-9999,9.57030,90.6591,-9999,-9999,-9999,-9999,-9999,-9999,-9999,-9999,-9999,-9999,-9999,-9999,-9999,-9999,-9999,-9999,-9999,1.01082,1.02023,1.04500,1.04500,1.04482,1.04500,-9999,-9999,-0.420643E-03,-0.259133E-03,0.643287E-04,0.562993E-03,0.121579E-02,0.196221E-02,0.278083E-02,0.354999E-02,0.408130E-02,0.416513E-02,10,0,2,9,12,5,-9999,-9999,0,0,0,0,0,-9999,-9999,17,0,3,20,23,8,-9999,-9999,0,0,0,0,0,0,-9999,-9999,800000011,800000111,800000111,800000011,800000000,800000111,-9999,-9999,81000,81000,80,81,0.00000,0.00000,0.00000,0.00000,0.200000,3.65000,-9999,-9999,11.3630,9.62414,15.4278,47.0480,52.8091,15.8066,-9999,-9999,1159,2485,1159,6931,3759,3567,-9999,-9999,0.305221E-01,0.639878E-03,0.614378E-02,0.614378E-02,0.703256E-01,0.614378E-02,-9999,-9999,2.10287,3.27945,2.52666,1.95613,-9999,-9999,45.0000,848.000,296.000,44.0000,-9999,-9999,11.0000,34.0000,3264.00,3,8,7,3,-9999,-9999,3,3,9,1,2,1,1,2,1,-9999,-9999,-9999,-9999,-9999,-9999,-9999,-9999,-9999,-9999,-9999,-9999,-9999,-9999,-9999,-9999,-9999,-9999,-9999,-9999,-9999,-9999,-9999,-9999,-9999,-9999,-9999,-9999,-9999,-9999,-9999,9999.00,44.0000,-9999,0,0,1,327.358,3.25577,-9999,0,0.00000,2,1,0,2,0,-9999,-9999,-9999,47.1158,8.53778,982.000,0.400000,0.270000,0.600000E-01,360.000,20.0000,30.0000,gill,r3_50_1,2.55000,uvw,axis,335.000,11.0000,12.5000,0.200000E-01,licor,li7500_1,28.8000,-17.5000,0.00000,-9999,-9999,-9999,0.950000,12.7000,0.100000,licor,li7500_1,28.8000,-17.5000,0.00000,-9999,-9999,-9999,-9999,-9999,0.950000,12.7000,0.100000,-9999,-9999,-9999,-9999,-9999,-9999,-9999,-9999,-9999,-9999,-9999,-9999,-9999,-9999,-9999,-9999,-9999,-9999,-9999,-9999,-9999,-9999,6,16.0000,3.96444,247.000,43.7500,281.682,1.32689,6,259.700,-9999,11.8170,1.54360,72.6040,9.57030
201710180700,201710180730,291.292,291.312,CH-FRU_201710180532.csv,75.8204,0,36000,36000,36000,36000,36000,36000,36000,36000,-9999,-9999,36000,36000,36000,36000,-9999,-9999,-0.165179E-02,-6.18126,-2.99223,-0.434303E-02,1.78080,-0.670221E-01,-9999,-9999,0.175133E-02,1.60434,0.942906,0.136857E-02,0.466388,0.211198E-01,-9999,-9999,-0.677651E-01,1.15908,0.168233E-02,-0.112315,0.259618E-01,-9999,-9999,0.103662E-09,0.260335E-11,-9999,-9999,1.02741,-0.179600,0.390118E-01,1.04372,0.192204E-12,0.674714E-14,1.04372,2.20159,169.932,21.3018,0.385145E-01,0.138790,0.751818,3.03265,2.06577,-0.142595,12.1097,9.52780,90.6954,76.4730,0.259129E-01,1.11354,1125.51,1010.75,0.695292E-02,9.07049,11.8610,0.624398E-02,2.79055,5.56543,89.7884,1.10659,0.261747E-01,0.247755E+07,0.628321E-02,2,15.3638,402.678,398.121,2,385.845,10.0993,9.99837,-9999,-9999,-9999,-9999,-9999,-9999,-9999,-9999,0.400000,0.400000,0.250000,-0.974000,5.00000,0.300000,0.300000,0.250000,-0.974000,5.00000,-9999,-9999,-9999,-9999,-9999,-9999,-9999,-9999,-9999,-9999,1.02138,-0.992973E-02,0.288140E-02,12.1100,15.3606,438.306,-9999,-9999,0.805529,-0.235014,-0.423791E-01,11.9000,15.2660,432.271,-9999,-9999,1.25112,0.258689,0.439213E-01,12.3200,15.4358,441.482,-9999,-9999,0.382307,0.352675,0.839097E-01,0.454953,0.144908,6.49665,-9999,-9999,0.194785,0.419426E-02,-0.155312,-1.62732,0.655960,-0.661115,-9999,-9999,2.81368,2.87069,6.06341,13.3388,3.98338,2.66154,-9999,-9999,-0.120508E-02,-0.482776E-02,0.143648E-02,-0.400922E-01,-9999,-9999,0.271214,-9999,-9999,-9999,-9999,-9999,-9999,-9999,-9999,-9999,-9999,-9999,-9999,-9999,0.370075E-01,0.758742,3.00498,-0.152506E-02,-5.43370,-1.78994,-0.259798E-02,1.43648,-0.400922E-01,-9999,-9999,-0.165179E-02,-5.43370,-2.62763,-0.381384E-02,2.10598,-0.588554E-01,-9999,-9999,-0.165179E-02,-5.31016,-2.95135,-0.428369E-02,1.78080,-0.661064E-01,-9999,-9999,9.52780,90.6954,-9999,-9999,-9999,-9999,-9999,-9999,-9999,-9999,-9999,-9999,-9999,-9999,-9999,-9999,-9999,-9999,-9999,1.08310,1.16404,1.46800,1.46800,1.46607,1.46800,-9999,-9999,-0.520582E-02,-0.512512E-02,-0.494607E-02,-0.464280E-02,-0.420325E-02,-0.365485E-02,-0.301748E-02,-0.235674E-02,-0.180410E-02,-0.142078E-02,13,7,5,45,26,41,-9999,-9999,0,0,0,0,0,-9999,-9999,25,11,6,93,50,80,-9999,-9999,0,0,0,0,0,0,-9999,-9999,800000011,800000011,800000111,800001101,800000100,800000111,-9999,-9999,80100,80100,80,81,0.00000,0.00000,0.00000,0.00000,0.350000,0.250000,-9999,-9999,6.48649,6.32571,8.87754,62.4848,33.1416,22.7149,-9999,-9999,911,2194,911,7003,3075,2894,-9999,-9999,0.202001E-01,0.499926E-01,0.365212E-01,0.365212E-01,0.292248E-02,0.365212E-01,-9999,-9999,2.24920,1.23340,1.30696,1.79092,-9999,-9999,40.0000,9.00000,5.00000,53.0000,-9999,-9999,177.000,21.0000,227.000,3,1,1,4,-9999,-9999,6,2,6,2,0,1,1,0,1,-9999,-9999,-9999,-9999,-9999,-9999,-9999,-9999,-9999,-9999,-9999,-9999,-9999,-9999,-9999,-9999,-9999,-9999,-9999,-9999,-9999,-9999,-9999,-9999,-9999,-9999,-9999,-9999,-9999,-9999,-9999,9999.00,44.0000,-9999,0,0,1,350.084,2.14208,-9999,0,0.00000,2,1,0,2,0,-9999,-9999,-9999,47.1158,8.53778,982.000,0.400000,0.270000,0.600000E-01,360.000,20.0000,30.0000,gill,r3_50_1,2.55000,uvw,axis,335.000,11.0000,12.5000,0.200000E-01,licor,li7500_1,28.8000,-17.5000,0.00000,-9999,-9999,-9999,0.950000,12.7000,0.100000,licor,li7500_1,28.8000,-17.5000,0.00000,-9999,-9999,-9999,-9999,-9999,0.950000,12.7000,0.100000,-9999,-9999,-9999,-9999,-9999,-9999,-9999,-9999,-9999,-9999,-9999,-9999,-9999,-9999,-9999,-9999,-9999,-9999,-9999,-9999,-9999,-9999,6,16.0000,3.19000,247.000,43.7500,281.846,1.32536,6,259.550,-9999,53.8420,19.1553,76.4730,9.52780
201710180730,201710180800,291.312,291.333,CH-FRU_201710180532.csv,190.905,0,36000,36000,36000,36000,36000,36000,36000,36000,-9999,-9999,36000,36000,36000,36000,-9999,-9999,0.566394E-02,0.653443,0.410766,0.596525E-03,2.14373,0.920564E-02,-9999,-9999,0.226551E-02,2.72760,0.420211,0.610241E-03,0.821470,0.941730E-02,-9999,-9999,0.907398,-0.540810E-01,-0.785378E-04,-0.697599E-01,-0.121200E-02,-9999,-9999,0.491566E-10,0.123574E-11,-9999,-9999,1.44301,-0.196502,0.560561E-01,1.45740,0.143213E-13,0.321609E-14,1.45740,2.70054,164.906,19.5232,0.713887E-01,0.183544,-45.2920,-0.503400E-01,1.59079,0.814845E-02,11.5851,10.0980,90.7008,73.4440,0.259636E-01,1.11137,1123.32,1010.75,0.692392E-02,9.05088,12.3235,0.623005E-02,3.27263,5.53424,89.7957,1.10445,0.262253E-01,0.247620E+07,0.626911E-02,2,15.2846,401.275,396.843,2,384.236,10.0767,9.97615,-9999,-9999,-9999,-9999,-9999,-9999,-9999,-9999,0.350000,0.350000,0.250000,-0.974000,5.00000,0.550000,0.550000,0.250000,-0.974000,5.00000,-9999,-9999,-9999,-9999,-9999,-9999,-9999,-9999,-9999,-9999,1.54086,-0.909367E-01,0.946840E-02,11.7900,15.2346,425.704,-9999,-9999,1.29282,-0.373704,-0.533128E-01,11.1600,15.1523,422.167,-9999,-9999,1.69545,0.322699,0.653902E-01,12.1200,15.3644,428.283,-9999,-9999,0.370335,0.467554,0.106459,0.786449,0.173496,3.82591,-9999,-9999,-0.929350,0.433029,-0.740591,-1.21807,2.05700,-0.807348E-01,-9999,-9999,3.85760,2.35695,5.18446,4.84068,10.0596,2.18997,-9999,-9999,0.298819E-02,0.592065E-03,0.202250E-02,0.798319E-02,-9999,-9999,0.685328E-01,-9999,-9999,-9999,-9999,-9999,-9999,-9999,-9999,-9999,-9999,-9999,-9999,-9999,0.710026E-01,-43.7814,-0.520769E-01,0.560284E-02,0.665078,0.356219,0.517311E-03,2.02250,0.798319E-02,-9999,-9999,0.566394E-02,0.665078,0.371456,0.539439E-03,2.10869,0.832467E-02,-9999,-9999,0.566394E-02,0.641850,0.411399,0.597445E-03,2.14373,0.921983E-02,-9999,-9999,10.0980,90.7008,-9999,-9999,-9999,-9999,-9999,-9999,-9999,-9999,-9999,-9999,-9999,-9999,-9999,-9999,-9999,-9999,-9999,1.01091,1.01806,1.04278,1.04278,1.04261,1.04278,-9999,-9999,0.319466E-02,0.346117E-02,0.392610E-02,0.456828E-02,0.532515E-02,0.608520E-02,0.673715E-02,0.719034E-02,0.721438E-02,0.640231E-02,16,2,14,19,37,14,-9999,-9999,0,0,0,0,0,-9999,-9999,31,2,21,36,69,22,-9999,-9999,0,0,0,0,0,0,-9999,-9999,800000001,800000001,800000111,800000101,800001100,800000011,-9999,-9999,80100,80100,80,81,0.00000,0.00000,0.00000,0.00000,0.300000,0.500000,-9999,-9999,5.73024,5.58175,8.20602,36.7059,248.233,12.9357,-9999,-9999,398,1363,398,5403,1931,1716,-9999,-9999,0.698109E-02,0.134278E-01,0.178078E-01,0.178078E-01,0.197455E-01,0.178078E-01,-9999,-9999,0.814746,1.55373,1.80151,1.44206,-9999,-9999,14.0000,399.000,65.0000,339.000,-9999,-9999,51.0000,13.0000,4204.00,1,7,4,7,-9999,-9999,4,1,9,1,2,2,2,1,2,-9999,-9999,-9999,-9999,-9999,-9999,-9999,-9999,-9999,-9999,-9999,-9999,-9999,-9999,-9999,-9999,-9999,-9999,-9999,-9999,-9999,-9999,-9999,-9999,-9999,-9999,-9999,-9999,-9999,-9999,-9999,9999.00,44.0000,-9999,0,0,1,352.245,2.20431,-9999,0,0.00000,2,1,0,2,0,-9999,-9999,-9999,47.1158,8.53778,982.000,0.400000,0.270000,0.600000E-01,360.000,20.0000,30.0000,gill,r3_50_1,2.55000,uvw,axis,335.000,11.0000,12.5000,0.200000E-01,licor,li7500_1,28.8000,-17.5000,0.00000,-9999,-9999,-9999,0.950000,12.7000,0.100000,licor,li7500_1,28.8000,-17.5000,0.00000,-9999,-9999,-9999,-9999,-9999,0.950000,12.7000,0.100000,-9999,-9999,-9999,-9999,-9999,-9999,-9999,-9999,-9999,-9999,-9999,-9999,-9999,-9999,-9999,-9999,-9999,-9999,-9999,-9999,-9999,-9999,6,16.0000,1.82889,247.002,43.7594,283.129,1.34125,6,261.780,-9999,162.250,82.7798,73.4440,10.0980
201710180800,201710180830,291.333,291.354,CH-FRU_201710180532.csv,299.905,0,36000,36000,36000,36000,36000,36000,36000,36000,-9999,-9999,36000,36000,36000,36000,-9999,-9999,0.547840E-02,-1.92108,4.98589,0.724492E-02,2.57908,0.111804,-9999,-9999,0.120598E-02,0.599436,1.24516,0.180933E-02,0.583652,0.279217E-01,-9999,-9999,0.979791,0.381098,0.553768E-03,-0.202628,0.854580E-02,-9999,-9999,-0.386982E-11,-0.997487E-13,-9999,-9999,1.31789,0.126584,0.401403E-01,1.32457,-0.123038E-12,-0.256135E-15,1.32457,2.19037,149.696,15.7346,0.702876E-01,0.109892,14.7046,0.155053,-0.385302,-0.243828E-01,11.5117,10.7150,90.7022,71.5900,0.260198E-01,1.10891,1120.94,1010.85,0.701768E-02,9.19342,12.8418,0.632845E-02,3.64835,5.75958,89.7828,1.10189,0.262862E-01,0.247474E+07,0.636875E-02,2,15.1085,397.512,393.121,2,389.438,10.2368,10.1331,-9999,-9999,-9999,-9999,-9999,-9999,-9999,-9999,1.25000,1.25000,0.250000,-0.974000,5.00000,0.350000,0.350000,0.250000,-0.974000,5.00000,-9999,-9999,-9999,-9999,-9999,-9999,-9999,-9999,-9999,-9999,1.29178,0.356807E-01,0.227204E-02,11.5700,15.1130,424.945,-9999,-9999,1.14233,-0.231095,-0.427294E-01,11.1300,15.0380,419.649,-9999,-9999,1.50688,0.291676,0.441783E-01,11.8800,15.1629,430.374,-9999,-9999,0.252238,0.387585,0.770581E-01,0.477463,0.144248,8.03506,-9999,-9999,0.231639,-0.465909,-0.588429,-0.370267,0.311974,-0.346099,-9999,-9999,2.79551,2.57230,7.57685,2.43499,4.29412,3.27421,-9999,-9999,0.429258E-02,-0.143056E-02,0.239147E-02,0.102877,-9999,-9999,-0.126996,-9999,-9999,-9999,-9999,-9999,-9999,-9999,-9999,-9999,-9999,-9999,-9999,-9999,0.698267E-01,17.2719,0.132006,0.540679E-02,-1.60356,4.58779,0.666644E-02,2.39147,0.102877,-9999,-9999,0.547840E-02,-1.60356,5.04021,0.732385E-02,2.62634,0.113022,-9999,-9999,0.547840E-02,-1.87044,5.00340,0.727036E-02,2.57908,0.112197,-9999,-9999,10.7150,90.7022,-9999,-9999,-9999,-9999,-9999,-9999,-9999,-9999,-9999,-9999,-9999,-9999,-9999,-9999,-9999,-9999,-9999,1.01324,1.02707,1.09861,1.09861,1.09821,1.09861,-9999,-9999,-0.374548E-02,-0.362597E-02,-0.340101E-02,-0.305510E-02,-0.263326E-02,-0.221978E-02,-0.186813E-02,-0.154517E-02,-0.120651E-02,-0.910145E-03,3,5,8,9,10,11,-9999,-9999,0,0,0,0,0,-9999,-9999,5,10,14,18,18,18,-9999,-9999,0,0,0,0,0,0,-9999,-9999,800000011,800000011,800001111,800000000,800000000,800000011,-9999,-9999,80000,80000,80,81,0.00000,0.00000,0.00000,0.00000,1.20000,0.300000,-9999,-9999,5.66738,5.96024,7.62005,21.4664,27.9736,21.2939,-9999,-9999,770,2213,770,7473,1904,1639,-9999,-9999,0.262353E-01,0.202411E-01,0.362987E-03,0.362987E-03,0.145876E-01,0.362987E-03,-9999,-9999,1.33080,1.47130,3.04863,1.65695,-9999,-9999,24.0000,211.000,78.0000,16.0000,-9999,-9999,4.00000,36.0000,903.000,2,6,5,2,-9999,-9999,3,3,8,1,2,1,1,1,1,-9999,-9999,-9999,-9999,-9999,-9999,-9999,-9999,-9999,-9999,-9999,-9999,-9999,-9999,-9999,-9999,-9999,-9999,-9999,-9999,-9999,-9999,-9999,-9999,-9999,-9999,-9999,-9999,-9999,-9999,-9999,9999.00,44.0000,-9999,0,0,1,5.48646,1.73658,-9999,0,0.00000,2,1,0,2,0,-9999,-9999,-9999,47.1158,8.53778,982.000,0.400000,0.270000,0.600000E-01,360.000,20.0000,30.0000,gill,r3_50_1,2.55000,uvw,axis,335.000,11.0000,12.5000,0.200000E-01,licor,li7500_1,28.8000,-17.5000,0.00000,-9999,-9999,-9999,0.950000,12.7000,0.100000,licor,li7500_1,28.8000,-17.5000,0.00000,-9999,-9999,-9999,-9999,-9999,0.950000,12.7000,0.100000,-9999,-9999,-9999,-9999,-9999,-9999,-9999,-9999,-9999,-9999,-9999,-9999,-9999,-9999,-9999,-9999,-9999,-9999,-9999,-9999,-9999,-9999,6,16.0000,1.72111,247.000,43.7500,285.100,1.35523,6,262.390,-9999,253.810,124.431,71.5900,10.7150
201710180830,201710180900,291.354,291.375,CH-FRU_201710180800.csv,400.957,0,36000,36000,36000,36000,36000,36000,36000,36000,-9999,-9999,36000,36000,36000,36000,-9999,-9999,-0.355196E-02,-0.760107E-01,19.8937,0.289525E-01,-1.58680,0.446799,-9999,-9999,0.693431E-03,2.14465,2.19367,0.319259E-02,0.313973,0.492684E-01,-9999,-9999,2.58656,0.588713,0.856793E-03,-0.193592,0.132221E-01,-9999,-9999,0.110063E-09,0.293202E-11,-9999,-9999,1.22527,0.591472,0.706343E-01,1.36239,-0.144507E-12,0.739361E-14,1.36239,2.32073,130.651,20.1511,0.567598E-01,0.174207,195.732,0.116486E-01,-0.382085E-02,-0.120141E-02,11.6922,12.3530,90.7080,65.7890,0.261683E-01,1.10252,1114.66,1011.01,0.714605E-02,9.41561,14.3118,0.648158E-02,4.89622,6.10476,89.7664,1.09537,0.264428E-01,0.247086E+07,0.652387E-02,2,14.8862,393.925,389.545,2,396.562,10.4862,10.3773,-9999,-9999,-9999,-9999,-9999,-9999,-9999,-9999,0.350000,0.350000,0.250000,-0.974000,5.00000,0.350000,0.350000,0.250000,-0.974000,5.00000,-9999,-9999,-9999,-9999,-9999,-9999,-9999,-9999,-9999,-9999,1.43722,-0.547218E-01,0.202067E-02,11.7800,14.9086,421.540,-9999,-9999,1.11793,-0.344372,-0.619361E-01,11.4700,14.8218,409.917,-9999,-9999,1.63442,0.319005,0.638081E-01,12.0000,14.9863,436.692,-9999,-9999,0.371317,0.446344,0.106374,0.395618,0.136539,19.5678,-9999,-9999,-0.506694,0.631058,-0.134884,-0.893167,-1.13319,0.731188,-9999,-9999,2.46590,3.31869,4.15866,3.09904,4.51923,2.96630,-9999,-9999,-0.986322E-03,0.945381E-03,-0.168925E-02,0.425061,-9999,-9999,-2.48009,-9999,-9999,-9999,-9999,-9999,-9999,-9999,-9999,-9999,-9999,-9999,-9999,-9999,0.564454E-01,-13.8851,-0.164204,-0.351271E-02,1.05378,18.9258,0.275440E-01,-1.68925,0.425061,-9999,-9999,-0.355196E-02,1.05378,19.6914,0.286582E-01,-1.75733,0.442256,-9999,-9999,-0.355196E-02,-0.746620E-01,19.9570,0.290447E-01,-1.58680,0.448221,-9999,-9999,12.3530,90.7080,-9999,-9999,-9999,-9999,-9999,-9999,-9999,-9999,-9999,-9999,-9999,-9999,-9999,-9999,-9999,-9999,-9999,1.01117,1.01806,1.04045,1.04045,1.04030,1.04045,-9999,-9999,0.822925E-03,0.843390E-03,0.891743E-03,0.969515E-03,0.108418E-02,0.123733E-02,0.137886E-02,0.144567E-02,0.137246E-02,0.113880E-02,1,7,2,50,6,24,-9999,-9999,0,0,0,0,0,-9999,-9999,1,11,3,102,10,32,-9999,-9999,0,0,0,0,0,0,-9999,-9999,800000011,800000001,800000011,800000011,800000000,800000011,-9999,-9999,80000,80000,80,81,0.00000,0.00000,0.00000,0.00000,0.300000,0.300000,-9999,-9999,4.99067,5.51367,5.99884,21.1470,24.0881,28.1274,-9999,-9999,373,1277,373,11163,1625,1426,-9999,-9999,0.452384E-01,0.570996E-01,0.650625E-02,0.650625E-02,0.138600E-01,0.650625E-02,-9999,-9999,1.25631,1.09493,1.01153,1.44633,-9999,-9999,19.0000,85.0000,34.0000,18.0000,-9999,-9999,85.0000,5.00000,1403.00,2,5,3,2,-9999,-9999,5,1,9,1,1,0,0,1,0,-9999,-9999,-9999,-9999,-9999,-9999,-9999,-9999,-9999,-9999,-9999,-9999,-9999,-9999,-9999,-9999,-9999,-9999,-9999,-9999,-9999,-9999,-9999,-9999,-9999,-9999,-9999,-9999,-9999,-9999,-9999,9999.00,47.0000,-9999,0,0,1,25.7679,2.97188,-9999,0,0.00000,2,1,0,2,0,-9999,-9999,-9999,47.1158,8.53778,982.000,0.400000,0.270000,0.600000E-01,360.000,20.0000,30.0000,gill,r3_50_1,2.55000,uvw,axis,335.000,11.0000,12.5000,0.200000E-01,licor,li7500_1,28.8000,-17.5000,0.00000,-9999,-9999,-9999,0.950000,12.7000,0.100000,licor,li7500_1,28.8000,-17.5000,0.00000,-9999,-9999,-9999,-9999,-9999,0.950000,12.7000,0.100000,-9999,-9999,-9999,-9999,-9999,-9999,-9999,-9999,-9999,-9999,-9999,-9999,-9999,-9999,-9999,-9999,-9999,-9999,-9999,-9999,-9999,-9999,6,16.0000,1.45444,247.600,47.4984,287.176,1.38010,6,266.630,-9999,516.390,269.102,65.7890,12.3530
201710180900,201710180930,291.375,291.396,CH-FRU_201710180800.csv,492.332,0,36000,36000,36000,36000,36000,36000,36000,36000,-9999,-9999,36000,36000,36000,36000,-9999,-9999,-0.902610E-02,22.0213,65.0007,0.946952E-01,-5.57991,1.46135,-9999,-9999,0.339955E-02,3.20365,6.17081,0.898985E-02,0.734219,0.138732,-9999,-9999,1.65203,1.38252,0.201411E-02,-0.292045E-01,0.310819E-01,-9999,-9999,0.306630E-10,0.863419E-12,-9999,-9999,-0.432766,0.635378,0.555322E-01,0.770763,0.803881E-13,0.207047E-14,0.770763,2.04883,30.9762,31.5463,0.906610E-01,0.149539,-2.75331,-0.828094,0.338786,0.218706,12.5816,13.4030,90.7003,64.8240,0.262667E-01,1.09814,1110.61,1011.36,0.751463E-02,9.93766,15.3302,0.684303E-02,5.39256,6.88832,89.7066,1.09063,0.265577E-01,0.246837E+07,0.689018E-02,2,14.8097,393.648,389.004,2,417.016,11.0750,10.9536,-9999,-9999,-9999,-9999,-9999,-9999,-9999,-9999,0.100000,0.100000,0.250000,-0.974000,5.00000,0.500000E-01,0.500000E-01,0.250000,-0.974000,5.00000,-9999,-9999,-9999,-9999,-9999,-9999,-9999,-9999,-9999,-9999,0.746888,-0.140123E-01,0.469533E-03,12.5500,14.8278,444.757,-9999,-9999,0.521641,-0.270482,-0.103550,12.3500,14.7657,435.755,-9999,-9999,0.988496,0.298954,0.112391,12.7100,14.8717,459.181,-9999,-9999,0.349188,0.388887,0.160970,0.327404,0.861240E-01,18.2417,-9999,-9999,0.338952,-0.112325,-0.895231E-01,1.39916,-0.972340,0.967879,-9999,-9999,3.03119,2.34508,3.19014,6.38883,3.68472,3.59720,-9999,-9999,-0.727595E-02,0.228234E-01,-0.698407E-02,1.37901,-9999,-9999,-1.44543,-9999,-9999,-9999,-9999,-9999,-9999,-9999,-9999,-9999,-9999,-9999,-9999,-9999,0.899932E-01,-2.33951,-0.974562,-0.889362E-02,25.3479,61.3383,0.893598E-01,-6.98407,1.37901,-9999,-9999,-0.902610E-02,25.3479,63.0051,0.917880E-01,-7.17325,1.41648,-9999,-9999,-0.902610E-02,21.5971,65.1967,0.949808E-01,-5.57991,1.46575,-9999,-9999,13.4030,90.7003,-9999,-9999,-9999,-9999,-9999,-9999,-9999,-9999,-9999,-9999,-9999,-9999,-9999,-9999,-9999,-9999,-9999,1.01490,1.01964,1.02717,1.02717,1.02709,1.02717,-9999,-9999,0.195253E-01,0.193656E-01,0.190025E-01,0.183535E-01,0.173191E-01,0.157979E-01,0.138053E-01,0.114979E-01,0.892012E-02,0.624258E-02,0,5,0,24,38,42,-9999,-9999,0,0,0,0,0,-9999,-9999,0,5,0,49,73,75,-9999,-9999,0,0,0,0,0,0,-9999,-9999,800000001,800000001,800000001,800000111,800000100,800000111,-9999,-9999,80000,80000,80,81,0.00000,0.00000,0.00000,0.00000,0.500000E-01,0.00000,-9999,-9999,6.06633,6.38046,7.80120,19.9727,21.8936,27.5940,-9999,-9999,476,1446,476,9704,789,561,-9999,-9999,0.610151E-01,0.358731E-01,0.355045E-01,0.355045E-01,0.103604E-01,0.355045E-01,-9999,-9999,0.984650,1.50813,1.33434,1.39139,-9999,-9999,0.00000,11.0000,12.0000,5.00000,-9999,-9999,6.00000,4.00000,28.0000,1,1,1,1,-9999,-9999,1,1,2,0,0,0,0,0,0,-9999,-9999,-9999,-9999,-9999,-9999,-9999,-9999,-9999,-9999,-9999,-9999,-9999,-9999,-9999,-9999,-9999,-9999,-9999,-9999,-9999,-9999,-9999,-9999,-9999,-9999,-9999,-9999,-9999,-9999,-9999,9999.00,50.0000,-9999,0,0,1,124.259,4.13165,-9999,0,0.00000,2,1,0,2,0,-9999,-9999,-9999,47.1158,8.53778,982.000,0.400000,0.270000,0.600000E-01,360.000,20.0000,30.0000,gill,r3_50_1,2.55000,uvw,axis,335.000,11.0000,12.5000,0.200000E-01,licor,li7500_1,28.8000,-17.5000,0.00000,-9999,-9999,-9999,0.950000,12.7000,0.100000,licor,li7500_1,28.8000,-17.5000,0.00000,-9999,-9999,-9999,-9999,-9999,0.950000,12.7000,0.100000,-9999,-9999,-9999,-9999,-9999,-9999,-9999,-9999,-9999,-9999,-9999,-9999,-9999,-9999,-9999,-9999,-9999,-9999,-9999,-9999,-9999,-9999,6,16.0000,0.00000,248.000,50.0000,289.358,1.40907,6,270.010,-9999,636.790,328.182,64.8240,13.4030
201710180930,201710181000,291.396,291.417,CH-FRU_201710180800.csv,572.465,0,36000,36000,36000,36000,36000,36000,36000,36000,-9999,-9999,36000,36000,36000,36000,-9999,-9999,-0.297324E-01,33.1458,84.6095,0.123356,-6.17876,1.90365,-9999,-9999,0.854780E-02,4.62399,9.53026,0.138947E-01,1.00109,0.214424,-9999,-9999,1.25367,0.368262,0.536909E-03,-0.667068E-01,0.828563E-02,-9999,-9999,-0.981810E-10,-0.281245E-11,-9999,-9999,-0.683895,0.390558E-01,0.331303E-01,0.685810,-0.291619E-13,-0.666927E-14,0.685810,3.09058,333.612,61.1701,0.164780,0.417698,-10.9834,-0.207586,0.391750,0.181617,13.2784,14.2020,90.6998,62.4090,0.263401E-01,1.09502,1107.56,1011.45,0.759908E-02,10.0774,16.1473,0.693968E-02,6.06993,7.09184,89.6921,1.08742,0.266361E-01,0.246648E+07,0.698817E-02,2,14.7214,392.430,387.763,2,421.703,11.2325,11.1077,-9999,-9999,-9999,-9999,-9999,-9999,-9999,-9999,0.00000,0.00000,0.250000,-0.974000,5.00000,0.00000,0.00000,0.250000,-0.974000,5.00000,-9999,-9999,-9999,-9999,-9999,-9999,-9999,-9999,-9999,-9999,0.646755,0.381341E-01,0.136030E-02,13.2000,14.7472,446.255,-9999,-9999,0.171066,-0.462958,-0.126663,12.9900,14.6946,439.149,-9999,-9999,1.22442,0.416887,0.119969,13.4800,14.7773,460.602,-9999,-9999,0.657036,0.605227,0.193395,0.410428,0.877238E-01,18.8903,-9999,-9999,0.794890E-01,0.309912E-01,0.203814E-01,1.56729,-1.91510,1.20757,-9999,-9999,2.22620,2.56053,3.54907,7.68797,7.85205,4.56266,-9999,-9999,-0.252978E-01,0.337606E-01,-0.823981E-02,1.79266,-9999,-9999,-1.46893,-9999,-9999,-9999,-9999,-9999,-9999,-9999,-9999,-9999,-9999,-9999,-9999,-9999,0.163476,-9.50685,-0.239827,-0.292637E-01,37.3919,79.6764,0.116164,-8.23981,1.79266,-9999,-9999,-0.297324E-01,37.3919,81.7175,0.119140,-8.45026,1.83858,-9999,-9999,-0.297324E-01,32.4866,84.8624,0.123725,-6.17876,1.90934,-9999,-9999,14.2020,90.6998,-9999,-9999,-9999,-9999,-9999,-9999,-9999,-9999,-9999,-9999,-9999,-9999,-9999,-9999,-9999,-9999,-9999,1.01602,1.02029,1.02562,1.02562,1.02554,1.02562,-9999,-9999,0.375196E-01,0.371988E-01,0.365152E-01,0.353227E-01,0.335079E-01,0.308483E-01,0.270162E-01,0.223503E-01,0.175527E-01,0.130341E-01,1,0,0,44,74,73,-9999,-9999,0,0,0,0,0,-9999,-9999,1,0,0,82,136,117,-9999,-9999,0,0,0,0,0,0,-9999,-9999,800000000,800000000,800000001,800001101,800000100,800000111,-9999,-9999,80000,80000,80,81,0.00000,0.00000,0.00000,0.00000,0.00000,0.00000,-9999,-9999,8.18708,8.47297,10.2513,18.0889,27.1002,33.4993,-9999,-9999,430,1124,430,6799,2502,2259,-9999,-9999,0.538477E-02,0.193969E-01,0.417230E-02,0.417230E-02,0.804105E-02,0.417230E-02,-9999,-9999,1.56568,1.74108,1.59452,1.49080,-9999,-9999,51.0000,11.0000,22.0000,23.0000,-9999,-9999,15.0000,20.0000,39.0000,4,1,2,2,-9999,-9999,2,2,3,1,0,0,0,0,0,-9999,-9999,-9999,-9999,-9999,-9999,-9999,-9999,-9999,-9999,-9999,-9999,-9999,-9999,-9999,-9999,-9999,-9999,-9999,-9999,-9999,-9999,-9999,-9999,-9999,-9999,-9999,-9999,-9999,-9999,-9999,9999.00,50.0000,-9999,0,0,1,176.732,2.76894,-9999,0,0.00000,2,1,0,2,0,-9999,-9999,-9999,47.1158,8.53778,982.000,0.400000,0.270000,0.600000E-01,360.000,20.0000,30.0000,gill,r3_50_1,2.55000,uvw,axis,335.000,11.0000,12.5000,0.200000E-01,licor,li7500_1,28.8000,-17.5000,0.00000,-9999,-9999,-9999,0.950000,12.7000,0.100000,licor,li7500_1,28.8000,-17.5000,0.00000,-9999,-9999,-9999,-9999,-9999,0.950000,12.7000,0.100000,-9999,-9999,-9999,-9999,-9999,-9999,-9999,-9999,-9999,-9999,-9999,-9999,-9999,-9999,-9999,-9999,-9999,-9999,-9999,-9999,-9999,-9999,6,16.0000,2.47667,248.000,50.0000,291.003,1.42991,6,274.480,-9999,827.830,427.393,62.4090,14.2020
201710181000,201710181030,291.417,291.437,CH-FRU_201710180800.csv,639.985,0,36000,36000,36000,36000,36000,36000,36000,36000,-9999,-9999,36000,36000,36000,36000,-9999,-9999,-0.153491E-01,47.0824,89.7004,0.130824,-6.21610,2.01889,-9999,-9999,0.445464E-02,6.13732,12.7334,0.185711E-01,1.15033,0.286591,-9999,-9999,0.567168,-0.975008,-0.142201E-02,0.241884E-01,-0.219446E-01,-9999,-9999,0.143168E-09,0.394569E-11,-9999,-9999,-0.517479,-0.768966,0.427917E-01,0.927860,0.807542E-14,0.972744E-14,0.927860,3.17342,282.986,41.5144,0.118468,0.392818,-2.87295,-0.793611,0.524885,0.359354,13.7368,14.5640,90.6875,58.7140,0.263769E-01,1.09366,1105.95,1011.24,0.730936E-02,9.70537,16.5299,0.668337E-02,6.82454,6.54427,89.7170,1.08635,0.266622E-01,0.246562E+07,0.672834E-02,2,14.7180,392.728,388.214,2,405.625,10.8148,10.6991,-9999,-9999,-9999,-9999,-9999,-9999,-9999,-9999,-0.500000E-01,-0.500000E-01,0.250000,-0.974000,5.00000,0.00000,0.00000,0.250000,-0.974000,5.00000,-9999,-9999,-9999,-9999,-9999,-9999,-9999,-9999,-9999,-9999,0.903941,-0.122037E-01,0.139266E-01,13.6300,14.7430,433.182,-9999,-9999,0.375971,-0.359171,-0.151176,13.4300,14.6843,420.451,-9999,-9999,1.41725,0.317722,0.162635,13.9200,14.7811,448.446,-9999,-9999,0.635547,0.568600,0.241681,0.434723,0.908527E-01,22.5829,-9999,-9999,0.243345,0.154443,-0.304969,1.31596,-1.46807,0.605794,-9999,-9999,2.32808,3.22432,3.79165,5.02189,5.18535,3.26081,-9999,-9999,-0.134564E-01,0.464758E-01,-0.890800E-02,1.88014,-9999,-9999,-1.79018,-9999,-9999,-9999,-9999,-9999,-9999,-9999,-9999,-9999,-9999,-9999,-9999,-9999,0.117683,-2.57964,-0.883844,-0.151464E-01,51.3999,83.5353,0.121833,-8.90800,1.88014,-9999,-9999,-0.153491E-01,51.3999,86.0738,0.125535,-9.17778,1.93727,-9999,-9999,-0.153491E-01,46.2119,89.9476,0.131185,-6.21610,2.02446,-9999,-9999,14.5640,90.6875,-9999,-9999,-9999,-9999,-9999,-9999,-9999,-9999,-9999,-9999,-9999,-9999,-9999,-9999,-9999,-9999,-9999,1.01338,1.01884,1.03039,1.03039,1.03028,1.03039,-9999,-9999,0.493195E-01,0.489152E-01,0.481321E-01,0.468256E-01,0.446778E-01,0.411256E-01,0.358082E-01,0.291171E-01,0.214913E-01,0.139415E-01,14,0,0,39,68,54,-9999,-9999,0,0,0,0,0,-9999,-9999,23,0,0,72,119,98,-9999,-9999,0,0,0,0,0,0,-9999,-9999,800000001,800000000,800000000,800000101,800000100,800000111,-9999,-9999,80000,80000,81,81,0.00000,0.00000,0.00000,0.00000,0.500000E-01,0.00000,-9999,-9999,9.30311,11.0906,9.24448,16.2632,35.0964,41.6962,-9999,-9999,343,952,343,6935,4581,4347,-9999,-9999,0.641251E-01,0.139855E-01,0.510672E-02,0.510672E-02,0.309292E-01,0.510672E-02,-9999,-9999,1.06980,0.884617,1.10287,0.855287,-9999,-9999,5.00000,0.00000,1.00000,2.00000,-9999,-9999,32.0000,12.0000,6.00000,1,1,1,1,-9999,-9999,3,1,1,1,0,0,0,0,0,-9999,-9999,-9999,-9999,-9999,-9999,-9999,-9999,-9999,-9999,-9999,-9999,-9999,-9999,-9999,-9999,-9999,-9999,-9999,-9999,-9999,-9999,-9999,-9999,-9999,-9999,-9999,-9999,-9999,-9999,-9999,9999.00,50.0000,-9999,0,0,1,236.061,2.64334,-9999,0,0.00000,2,1,0,2,0,-9999,-9999,-9999,47.1158,8.53778,982.000,0.400000,0.270000,0.600000E-01,360.000,20.0000,30.0000,gill,r3_50_1,2.55000,uvw,axis,335.000,11.0000,12.5000,0.200000E-01,licor,li7500_1,28.8000,-17.5000,0.00000,-9999,-9999,-9999,0.950000,12.7000,0.100000,licor,li7500_1,28.8000,-17.5000,0.00000,-9999,-9999,-9999,-9999,-9999,0.950000,12.7000,0.100000,-9999,-9999,-9999,-9999,-9999,-9999,-9999,-9999,-9999,-9999,-9999,-9999,-9999,-9999,-9999,-9999,-9999,-9999,-9999,-9999,-9999,-9999,6,16.0000,4.81556,248.000,50.0000,292.195,1.44086,6,276.700,-9999,939.810,481.684,58.7140,14.5640
201710181030,201710181100,291.437,291.458,CH-FRU_201710180800.csv,693.738,0,36000,36000,36000,36000,36000,36000,36000,36000,-9999,-9999,36000,36000,36000,36000,-9999,-9999,-0.681955E-01,42.5549,93.3610,0.136222,-16.3861,2.10219,-9999,-9999,0.907654E-02,5.46784,10.7732,0.157191E-01,2.51096,0.242578,-9999,-9999,0.697404,0.133756,0.195161E-03,0.167965,0.301175E-02,-9999,-9999,0.470200E-09,0.129224E-10,-9999,-9999,-0.242803,-0.781263,0.929139E-01,0.823382,-0.370132E-12,0.317546E-13,0.823382,3.10783,253.847,49.3991,0.249961,0.541937,-29.8487,-0.763853E-01,0.455811,0.154239,14.1544,15.0100,90.6481,57.3240,0.264293E-01,1.09147,1103.78,1011.28,0.733318E-02,9.75209,17.0122,0.671861E-02,7.26014,6.61405,89.6729,1.08414,0.267167E-01,0.246456E+07,0.676406E-02,2,14.8073,395.887,391.347,2,406.947,10.8722,10.7553,-9999,-9999,-9999,-9999,-9999,-9999,-9999,-9999,0.500000E-01,0.500000E-01,0.250000,-0.974000,5.00000,0.500000E-01,0.500000E-01,0.250000,-0.974000,5.00000,-9999,-9999,-9999,-9999,-9999,-9999,-9999,-9999,-9999,-9999,0.761035,0.851830E-01,0.873130E-02,14.0700,14.8001,429.487,-9999,-9999,0.458932,-0.528569,-0.173674,13.8100,14.7295,417.603,-9999,-9999,1.13100,0.606321,0.171275,14.4100,14.9209,445.334,-9999,-9999,0.557828,0.837728,0.266298,0.468856,0.146735,21.5492,-9999,-9999,0.523145,-0.397642,-0.114361,1.00327,-0.258663,1.06978,-9999,-9999,4.05043,2.79826,3.20633,4.28860,3.41935,4.19378,-9999,-9999,-0.335818E-01,0.427340E-01,-0.186652E-01,1.96956,-9999,-9999,-1.34543,-9999,-9999,-9999,-9999,-9999,34.8088,-5.28237,11.9487,29.7541,45.3768,63.6416,76.1628,95.3468,0.248190,-26.3605,-0.864930E-01,-0.672327E-01,47.1689,87.4711,0.127628,-18.6652,1.96956,-9999,-9999,-0.681955E-01,47.1689,89.9386,0.131228,-19.1900,2.02512,-9999,-9999,-0.681955E-01,41.7482,93.6260,0.136608,-16.3861,2.10815,-9999,-9999,15.0100,90.6481,-9999,-9999,-9999,-9999,-9999,-9999,-9999,-9999,-9999,-9999,-9999,-9999,-9999,-9999,-9999,-9999,-9999,1.01432,1.01932,1.02821,1.02821,1.02812,1.02821,-9999,-9999,0.429560E-01,0.422431E-01,0.408628E-01,0.386797E-01,0.354064E-01,0.306365E-01,0.242976E-01,0.170044E-01,0.996132E-02,0.462235E-02,6,7,0,36,45,48,-9999,-9999,0,0,0,0,0,-9999,-9999,8,12,0,61,85,83,-9999,-9999,0,0,0,0,0,0,-9999,-9999,800000000,800000000,800000000,800000100,800000000,800000111,-9999,-9999,80000,80000,80,81,0.00000,0.00000,0.00000,0.00000,0.00000,0.00000,-9999,-9999,9.44558,7.31163,8.29598,21.4038,27.5852,30.6364,-9999,-9999,125,565,125,5585,4875,4679,-9999,-9999,0.385694E-01,0.114216E-01,0.219620E-01,0.219620E-01,0.458154E-01,0.219620E-01,-9999,-9999,1.11032,1.45740,1.62724,1.53931,-9999,-9999,36.0000,18.0000,44.0000,13.0000,-9999,-9999,22.0000,27.0000,47.0000,3,2,3,1,-9999,-9999,2,2,3,1,0,0,0,1,0,-9999,-9999,-9999,-9999,-9999,-9999,-9999,-9999,-9999,-9999,-9999,-9999,-9999,-9999,-9999,-9999,-9999,-9999,-9999,-9999,-9999,-9999,-9999,-9999,-9999,-9999,-9999,-9999,-9999,-9999,-9999,9999.00,50.0000,-9999,0,0,1,252.736,6.47930,-9999,0,0.00000,2,1,0,2,0,-9999,-9999,-9999,47.1158,8.53778,982.000,0.400000,0.270000,0.600000E-01,360.000,20.0000,30.0000,gill,r3_50_1,2.55000,uvw,axis,335.000,11.0000,12.5000,0.200000E-01,licor,li7500_1,28.8000,-17.5000,0.00000,-9999,-9999,-9999,0.950000,12.7000,0.100000,licor,li7500_1,28.8000,-17.5000,0.00000,-9999,-9999,-9999,-9999,-9999,0.950000,12.7000,0.100000,-9999,-9999,-9999,-9999,-9999,-9999,-9999,-9999,-9999,-9999,-9999,-9999,-9999,-9999,-9999,-9999,-9999,-9999,-9999,-9999,-9999,-9999,6,16.0000,5.18444,248.000,50.0000,292.844,1.44269,6,277.980,-9999,1037.00,528.694,57.3240,15.0100
201710181100,201710181130,291.458,291.479,CH-FRU_201710180800.csv,732.804,0,36000,36000,36000,36000,36000,36000,36000,36000,-9999,-9999,36000,36000,36000,36000,-9999,-9999,-0.228934E-01,54.2399,121.897,0.177828,-4.43562,2.74425,-9999,-9999,0.567159E-02,5.58671,12.5508,0.183095E-01,0.944738,0.282553,-9999,-9999,-0.280020,-0.204050,-0.297674E-03,0.761156E-01,-0.459374E-02,-9999,-9999,0.901023E-10,0.244766E-11,-9999,-9999,-1.11043,-0.688849,0.596889E-02,1.30675,0.132969E-13,0.606027E-14,1.30675,3.69524,300.120,39.0688,0.144792,0.512843,-4.55105,-0.500983,0.444964,0.339239,14.3045,14.8310,90.6324,57.5170,0.264174E-01,1.09200,1104.25,1011.22,0.727803E-02,9.67274,16.8172,0.666489E-02,7.14445,6.49536,89.6651,1.08472,0.267024E-01,0.246499E+07,0.670960E-02,2,14.8677,397.255,392.767,2,403.886,10.7847,10.6696,-9999,-9999,-9999,-9999,-9999,-9999,-9999,-9999,0.00000,0.00000,0.250000,-0.974000,5.00000,0.00000,0.00000,0.250000,-0.974000,5.00000,-9999,-9999,-9999,-9999,-9999,-9999,-9999,-9999,-9999,-9999,1.34633,0.896573E-02,0.402555E-02,14.2000,14.8697,424.158,-9999,-9999,0.867819,-0.437300,-0.160795,14.0100,14.8173,413.191,-9999,-9999,1.84481,0.438068,0.164355,14.4900,14.9298,439.592,-9999,-9999,0.730208,0.654369,0.253542,0.440774,0.952079E-01,22.1752,-9999,-9999,-0.332350,0.197099E-02,-0.627362E-01,1.24647,-0.406764,0.751799,-9999,-9999,2.70059,2.74285,3.42052,4.64385,3.85581,3.71447,-9999,-9999,-0.201996E-01,0.545925E-01,-0.774771E-02,2.54651,-9999,-9999,-0.569980,-9999,-9999,-9999,-9999,-9999,-9999,-9999,-9999,-9999,-9999,-9999,-9999,-9999,0.143977,-4.02599,-0.566321,-0.226363E-01,60.2839,113.113,0.165014,-7.74771,2.54651,-9999,-9999,-0.228934E-01,60.2839,117.536,0.171467,-8.04957,2.64610,-9999,-9999,-0.228934E-01,53.2763,122.242,0.178330,-4.43562,2.75201,-9999,-9999,14.8310,90.6324,-9999,-9999,-9999,-9999,-9999,-9999,-9999,-9999,-9999,-9999,-9999,-9999,-9999,-9999,-9999,-9999,-9999,1.01136,1.01809,1.03911,1.03911,1.03896,1.03911,-9999,-9999,0.518087E-01,0.508699E-01,0.492972E-01,0.469963E-01,0.436712E-01,0.390142E-01,0.330094E-01,0.258092E-01,0.178628E-01,0.108842E-01,1,0,0,60,53,43,-9999,-9999,0,0,0,0,0,-9999,-9999,2,0,0,110,101,81,-9999,-9999,0,0,0,0,0,0,-9999,-9999,800000000,800000000,800000001,800000100,800000000,800000011,-9999,-9999,80000,81000,80,81,0.00000,0.00000,0.00000,0.00000,0.00000,0.00000,-9999,-9999,6.13125,8.01783,7.67653,21.1081,22.8128,26.5547,-9999,-9999,108,439,108,6051,4234,4044,-9999,-9999,0.519881E-01,0.236728E-01,0.264042E-01,0.264042E-01,0.334338E-01,0.264042E-01,-9999,-9999,1.56530,1.04939,1.02988,0.579690,-9999,-9999,16.0000,4.00000,1.00000,9.00000,-9999,-9999,31.0000,5.00000,0.00000,2,1,1,1,-9999,-9999,3,1,1,1,0,0,0,0,0,-9999,-9999,-9999,-9999,-9999,-9999,-9999,-9999,-9999,-9999,-9999,-9999,-9999,-9999,-9999,-9999,-9999,-9999,-9999,-9999,-9999,-9999,-9999,-9999,-9999,-9999,-9999,-9999,-9999,-9999,-9999,9999.00,50.0000,-9999,0,0,1,211.813,0.261712,-9999,0,0.00000,2,1,0,2,0,-9999,-9999,-9999,47.1158,8.53778,982.000,0.400000,0.270000,0.600000E-01,360.000,20.0000,30.0000,gill,r3_50_1,2.55000,uvw,axis,335.000,11.0000,12.5000,0.200000E-01,licor,li7500_1,28.8000,-17.5000,0.00000,-9999,-9999,-9999,0.950000,12.7000,0.100000,licor,li7500_1,28.8000,-17.5000,0.00000,-9999,-9999,-9999,-9999,-9999,0.950000,12.7000,0.100000,-9999,-9999,-9999,-9999,-9999,-9999,-9999,-9999,-9999,-9999,-9999,-9999,-9999,-9999,-9999,-9999,-9999,-9999,-9999,-9999,-9999,-9999,6,16.0000,4.48111,248.000,50.0000,292.943,1.44320,6,277.770,-9999,1108.00,562.655,57.5170,14.8310
